object name,library name,text,rodata,data,bss,code,flash,ram
hal_delay.c.obj,lib\libhal.a,108,0,0,0,108,108,0
hal_reg_apply.c.obj,lib\libhal.a,86,0,0,0,86,86,0
portASM.S.obj,lib\libkernel.a,664,0,0,0,664,664,0
port.c.obj,lib\libkernel.a,216,8,0,12,224,224,12
osi_irq.c.obj,lib\libkernel.a,808,0,0,1312,808,808,1312
osi_profile.c.obj,lib\libkernel.a,484,0,0,49172,484,484,49172
hal_chip_8910.c.obj,lib\libhal.a,1258,134,0,5,1392,1392,5
osi_blue_screen.c.obj,lib\libkernel.a,348,16,0,146,364,364,146
osi_chip_8910.c.obj,lib\libkernel.a,2154,440,0,48,2594,2594,48
drv_spi_flash.c.obj,lib\libdriver.a,178,108,136,8,286,422,144
hal_spi_flash.c.obj,lib\libhal.a,0,25,0,8,25,25,8
osi_log.c.obj,lib\libosi_lib.a,1500,55,0,85,1555,1555,85
osi_trace.c.obj,lib\libosi_lib.a,588,0,0,65908,588,588,65908
lib_a-access.o,..\..\components\newlib\armca5\libc.a,44,0,0,0,44,44,0
lib_a-atoi.o,..\..\components\newlib\armca5\libc.a,8,0,0,0,8,8,0
lib_a-atol.o,..\..\components\newlib\armca5\libc.a,8,0,0,0,8,8,0
lib_a-bsearch.o,..\..\components\newlib\armca5\libc.a,70,0,0,0,70,70,0
lib_a-ctype_.o,..\..\components\newlib\armca5\libc.a,0,257,0,0,257,257,0
lib_a-div.o,..\..\components\newlib\armca5\libc.a,48,0,0,0,48,48,0
lib_a-dtoa.o,..\..\components\newlib\armca5\libc.a,2934,13,0,0,2947,2947,0
lib_a-envlock.o,..\..\components\newlib\armca5\libc.a,24,0,0,0,24,24,0
lib_a-errno.o,..\..\components\newlib\armca5\libc.a,8,0,0,0,8,8,0
lib_a-fclose.o,..\..\components\newlib\armca5\libc.a,186,0,0,0,186,186,0
lib_a-fflush.o,..\..\components\newlib\armca5\libc.a,402,0,0,0,402,402,0
lib_a-findfp.o,..\..\components\newlib\armca5\libc.a,404,0,0,0,404,404,0
lib_a-flags.o,..\..\components\newlib\armca5\libc.a,108,0,0,0,108,108,0
lib_a-fopen.o,..\..\components\newlib\armca5\libc.a,190,0,0,0,190,190,0
lib_a-fputc.o,..\..\components\newlib\armca5\libc.a,92,0,0,0,92,92,0
lib_a-fputwc.o,..\..\components\newlib\armca5\libc.a,212,0,0,0,212,212,0
lib_a-fread.o,..\..\components\newlib\armca5\libc.a,242,0,0,0,242,242,0
lib_a-fseek.o,..\..\components\newlib\armca5\libc.a,30,0,0,0,30,30,0
lib_a-fseeko.o,..\..\components\newlib\armca5\libc.a,664,0,0,0,664,664,0
lib_a-ftell.o,..\..\components\newlib\armca5\libc.a,18,0,0,0,18,18,0
lib_a-ftello.o,..\..\components\newlib\armca5\libc.a,192,0,0,0,192,192,0
lib_a-fvwrite.o,..\..\components\newlib\armca5\libc.a,660,0,0,0,660,660,0
lib_a-fwalk.o,..\..\components\newlib\armca5\libc.a,124,0,0,0,124,124,0
lib_a-fwrite.o,..\..\components\newlib\armca5\libc.a,186,0,0,0,186,186,0
lib_a-gdtoa-gethex.o,..\..\components\newlib\armca5\libc.a,1316,0,0,0,1316,1316,0
lib_a-gdtoa-hexnan.o,..\..\components\newlib\armca5\libc.a,388,0,0,0,388,388,0
lib_a-getenv.o,..\..\components\newlib\armca5\libc.a,20,0,0,0,20,20,0
lib_a-getenv_r.o,..\..\components\newlib\armca5\libc.a,130,0,0,0,130,130,0
lib_a-getreent.o,..\..\components\newlib\armca5\libc.a,12,0,0,0,12,12,0
lib_a-gettzinfo.o,..\..\components\newlib\armca5\libc.a,8,0,88,0,8,96,88
lib_a-gmtime.o,..\..\components\newlib\armca5\libc.a,22,0,0,0,22,22,0
lib_a-gmtime_r.o,..\..\components\newlib\armca5\libc.a,412,0,0,0,412,412,0
lib_a-impure.o,..\..\components\newlib\armca5\libc.a,0,4,1068,0,4,1072,1068
lib_a-iswspace.o,..\..\components\newlib\armca5\libc.a,6,0,0,0,6,6,0
lib_a-iswspace_l.o,..\..\components\newlib\armca5\libc.a,20,0,0,0,20,20,0
lib_a-lnumeric.o,..\..\components\newlib\armca5\libc.a,0,15,2,0,15,17,2
lib_a-locale.o,..\..\components\newlib\armca5\libc.a,12,8,364,0,20,384,364
lib_a-localeconv.o,..\..\components\newlib\armca5\libc.a,8,0,0,0,8,8,0
lib_a-lock.o,..\..\components\newlib\armca5\libc.a,12,0,0,9,12,12,9
lib_a-makebuf.o,..\..\components\newlib\armca5\libc.a,210,0,0,0,210,210,0
lib_a-mbrtowc.o,..\..\components\newlib\armca5\libc.a,52,1,0,0,53,53,0
lib_a-mbtowc_r.o,..\..\components\newlib\armca5\libc.a,36,0,0,0,36,36,0
lib_a-memchr.o,..\..\components\newlib\armca5\libc.a,232,0,0,0,232,232,0
lib_a-memcmp.o,..\..\components\newlib\armca5\libc.a,92,0,0,0,92,92,0
lib_a-memcpy-stub.o,..\..\components\newlib\armca5\libc.a,200,0,0,0,200,200,0
lib_a-memmove.o,..\..\components\newlib\armca5\libc.a,212,0,0,0,212,212,0
lib_a-memset.o,..\..\components\newlib\armca5\libc.a,168,0,0,0,168,168,0
lib_a-mktime.o,..\..\components\newlib\armca5\libc.a,1212,96,0,0,1308,1308,0
lib_a-month_lengths.o,..\..\components\newlib\armca5\libc.a,0,96,0,0,96,96,0
lib_a-mprec.o,..\..\components\newlib\armca5\libc.a,2090,252,0,0,2342,2342,0
lib_a-printf.o,..\..\components\newlib\armca5\libc.a,36,0,0,0,36,36,0
lib_a-putc.o,..\..\components\newlib\armca5\libc.a,104,0,0,0,104,104,0
lib_a-puts.o,..\..\components\newlib\armca5\libc.a,158,2,0,0,160,160,0
lib_a-qsort.o,..\..\components\newlib\armca5\libc.a,808,0,0,0,808,808,0
lib_a-rand.o,..\..\components\newlib\armca5\libc.a,76,0,0,0,76,76,0
lib_a-reent.o,..\..\components\newlib\armca5\libc.a,146,0,0,0,146,146,0
lib_a-refill.o,..\..\components\newlib\armca5\libc.a,278,0,0,0,278,278,0
lib_a-s_frexp.o,..\..\components\newlib\armca5\libc.a,112,0,0,0,112,112,0
lib_a-s_nan.o,..\..\components\newlib\armca5\libc.a,16,0,0,0,16,16,0
lib_a-sccl.o,..\..\components\newlib\armca5\libc.a,116,0,0,0,116,116,0
lib_a-sf_nan.o,..\..\components\newlib\armca5\libc.a,12,0,0,0,12,12,0
lib_a-siscanf.o,..\..\components\newlib\armca5\libc.a,80,0,0,0,80,80,0
lib_a-snprintf.o,..\..\components\newlib\armca5\libc.a,102,0,0,0,102,102,0
lib_a-sprintf.o,..\..\components\newlib\armca5\libc.a,64,0,0,0,64,64,0
lib_a-sscanf.o,..\..\components\newlib\armca5\libc.a,80,0,0,0,80,80,0
lib_a-stdio.o,..\..\components\newlib\armca5\libc.a,140,0,0,0,140,140,0
lib_a-strcasecmp.o,..\..\components\newlib\armca5\libc.a,68,0,0,0,68,68,0
lib_a-strcat.o,..\..\components\newlib\armca5\libc.a,64,0,0,0,64,64,0
lib_a-strchr.o,..\..\components\newlib\armca5\libc.a,208,0,0,0,208,208,0
lib_a-strcmp.o,..\..\components\newlib\armca5\libc.a,732,0,0,0,732,732,0
lib_a-strcpy.o,..\..\components\newlib\armca5\libc.a,196,0,0,0,196,196,0
lib_a-strcspn.o,..\..\components\newlib\armca5\libc.a,48,0,0,0,48,48,0
lib_a-strdup.o,..\..\components\newlib\armca5\libc.a,20,0,0,0,20,20,0
lib_a-strdup_r.o,..\..\components\newlib\armca5\libc.a,36,0,0,0,36,36,0
lib_a-strerror.o,..\..\components\newlib\armca5\libc.a,1156,1792,0,0,2948,2948,0
lib_a-strlen.o,..\..\components\newlib\armca5\libc.a,220,0,0,0,220,220,0
lib_a-strncasecmp.o,..\..\components\newlib\armca5\libc.a,84,0,0,0,84,84,0
lib_a-strncat.o,..\..\components\newlib\armca5\libc.a,92,0,0,0,92,92,0
lib_a-strncmp.o,..\..\components\newlib\armca5\libc.a,132,0,0,0,132,132,0
lib_a-strncpy.o,..\..\components\newlib\armca5\libc.a,116,0,0,0,116,116,0
lib_a-strndup.o,..\..\components\newlib\armca5\libc.a,24,0,0,0,24,24,0
lib_a-strndup_r.o,..\..\components\newlib\armca5\libc.a,64,0,0,0,64,64,0
lib_a-strnlen.o,..\..\components\newlib\armca5\libc.a,44,0,0,0,44,44,0
lib_a-strpbrk.o,..\..\components\newlib\armca5\libc.a,56,0,0,0,56,56,0
lib_a-strrchr.o,..\..\components\newlib\armca5\libc.a,36,0,0,0,36,36,0
lib_a-strspn.o,..\..\components\newlib\armca5\libc.a,48,0,0,0,48,48,0
lib_a-strstr.o,..\..\components\newlib\armca5\libc.a,1092,0,0,0,1092,1092,0
lib_a-strtod.o,..\..\components\newlib\armca5\libc.a,3020,85,0,0,3105,3105,0
lib_a-strtok.o,..\..\components\newlib\armca5\libc.a,28,0,0,0,28,28,0
lib_a-strtok_r.o,..\..\components\newlib\armca5\libc.a,112,0,0,0,112,112,0
lib_a-strtol.o,..\..\components\newlib\armca5\libc.a,266,0,0,0,266,266,0
lib_a-strtoll.o,..\..\components\newlib\armca5\libc.a,330,0,0,0,330,330,0
lib_a-strtoul.o,..\..\components\newlib\armca5\libc.a,274,0,0,0,274,274,0
lib_a-strtoull.o,..\..\components\newlib\armca5\libc.a,338,0,0,0,338,338,0
lib_a-svfiprintf.o,..\..\components\newlib\armca5\libc.a,234,0,0,0,234,234,0
lib_a-svfiscanf.o,..\..\components\newlib\armca5\libc.a,4158,34,0,0,4192,4192,0
lib_a-svfprintf.o,..\..\components\newlib\armca5\libc.a,4884,78,0,0,4962,4962,0
lib_a-svfscanf.o,..\..\components\newlib\armca5\libc.a,4796,39,0,0,4835,4835,0
lib_a-time.o,..\..\components\newlib\armca5\libc.a,38,0,0,0,38,38,0
lib_a-tzcalc_limits.o,..\..\components\newlib\armca5\libc.a,340,0,0,0,340,340,0
lib_a-tzlock.o,..\..\components\newlib\armca5\libc.a,24,0,0,0,24,24,0
lib_a-tzset.o,..\..\components\newlib\armca5\libc.a,14,0,0,0,14,14,0
lib_a-tzset_r.o,..\..\components\newlib\armca5\libc.a,772,56,0,26,828,828,26
lib_a-tzvars.o,..\..\components\newlib\armca5\libc.a,0,4,8,8,4,12,16
lib_a-u_strerr.o,..\..\components\newlib\armca5\libc.a,4,0,0,0,4,4,0
lib_a-ungetc.o,..\..\components\newlib\armca5\libc.a,112,0,0,0,112,112,0
lib_a-vfiprintf.o,..\..\components\newlib\armca5\libc.a,104,0,0,0,104,104,0
lib_a-vfprintf.o,..\..\components\newlib\armca5\libc.a,5200,91,0,0,5291,5291,0
lib_a-vsnprintf.o,..\..\components\newlib\armca5\libc.a,118,0,0,0,118,118,0
lib_a-vsscanf.o,..\..\components\newlib\armca5\libc.a,98,0,0,0,98,98,0
lib_a-wbuf.o,..\..\components\newlib\armca5\libc.a,146,0,0,0,146,146,0
lib_a-wcrtomb.o,..\..\components\newlib\armca5\libc.a,44,0,0,0,44,44,0
lib_a-wctomb_r.o,..\..\components\newlib\armca5\libc.a,26,0,0,0,26,26,0
lib_a-wsetup.o,..\..\components\newlib\armca5\libc.a,170,0,0,0,170,170,0
lib_a-xpg_strerror_r.o,..\..\components\newlib\armca5\libc.a,96,0,0,0,96,96,0
ql_audio.c.obj,..\..\components\ql-kernel\libs\liboql_api_audio.a,12626,3805,0,187,16431,16431,187
ql_power.c.obj,..\..\components\ql-kernel\libs\liboql_api_power.a,3278,1133,42,39,4411,4453,81
ql_gnss.c.obj,..\..\components\ql-kernel\libs\liboql_gnss.a,1702,705,0,488,2407,2407,488
quec_modem_interface.c.obj,..\..\components\ql-kernel\libs\libq_modem.a,508,230,0,0,738,738,0
ql_adc.c.obj,..\..\components\ql-kernel\libs\libql_api_adc.a,492,81,2,0,573,575,2
ql_api_ble.c.obj,..\..\components\ql-kernel\libs\libql_api_ble.a,6402,1885,0,16,8287,8287,16
ql_gatt_client.c.obj,..\..\components\ql-kernel\libs\libql_api_ble_gatt.a,6990,2186,108,24,9176,9284,132
ql_gatt_server.c.obj,..\..\components\ql-kernel\libs\libql_api_ble_gatt.a,8224,2834,72,51,11058,11130,123
ql_api_bt.c.obj,..\..\components\ql-kernel\libs\libql_api_bt.a,2418,1062,0,0,3480,3480,0
ql_api_bt_ble.c.obj,..\..\components\ql-kernel\libs\libql_api_bt_ble.a,2624,1199,0,156,3823,3823,156
ql_bt_hfp.c.obj,..\..\components\ql-kernel\libs\libql_api_bt_hfp.a,3230,1317,60,26,4547,4607,86
ql_api_camera.c.obj,..\..\components\ql-kernel\libs\libql_api_camera.a,2648,796,0,28,3444,3444,28
ql_log.c.obj,..\..\components\ql-kernel\libs\libql_api_common.a,880,114,1,114,994,995,115
ql_api_datacall.c.obj,..\..\components\ql-kernel\libs\libql_api_datacall.a,11084,3224,16,160,14308,14324,176
ql_api_dev.c.obj,..\..\components\ql-kernel\libs\libql_api_dev.a,2086,436,11,4,2522,2533,15
ql_api_fota.c.obj,..\..\components\ql-kernel\libs\libql_api_fota.a,1984,989,2,0,2973,2975,2
ql_fs.c.obj,..\..\components\ql-kernel\libs\libql_api_fs.a,5686,1729,0,0,7415,7415,0
ql_fs_handler.c.obj,..\..\components\ql-kernel\libs\libql_api_fs.a,3908,1228,175,20,5136,5311,195
ql_ftp_client.c.obj,..\..\components\ql-kernel\libs\libql_api_ftp.a,4006,398,0,0,4404,4404,0
ql_ftp_parse.c.obj,..\..\components\ql-kernel\libs\libql_api_ftp.a,3182,584,8,0,3766,3774,8
ql_gpio.c.obj,..\..\components\ql-kernel\libs\libql_api_gpio.a,3104,725,0,256,3829,3829,256
ql_http_client.c.obj,..\..\components\ql-kernel\libs\libql_api_http.a,2656,327,0,4,2983,2983,4
ql_i2c.c.obj,..\..\components\ql-kernel\libs\libql_api_i2c.a,1488,385,36,0,1873,1909,36
ql_keypad.c.obj,..\..\components\ql-kernel\libs\libql_api_keypad.a,420,131,36,0,551,587,36
ql_lcd.c.obj,..\..\components\ql-kernel\libs\libql_api_lcd.a,3894,690,10,14,4584,4594,24
ql_mqttclient.c.obj,..\..\components\ql-kernel\libs\libql_api_mqtt.a,3182,388,0,24,3570,3570,24
ql_api_nw.c.obj,..\..\components\ql-kernel\libs\libql_api_nw.a,13828,6942,136,536,20770,20906,672
ql_api_osi.c.obj,..\..\components\ql-kernel\libs\libql_api_osi.a,3702,1335,8,36,5037,5045,44
quec_event.c.obj,..\..\components\ql-kernel\libs\libql_api_osi.a,2330,1558,4,20,3888,3892,24
ql_led.c.obj,..\..\components\ql-kernel\libs\libql_api_pwm.a,164,0,0,5,164,164,5
ql_pwm.c.obj,..\..\components\ql-kernel\libs\libql_api_pwm.a,1164,629,96,0,1793,1889,96
ql_api_rtc.c.obj,..\..\components\ql-kernel\libs\libql_api_rtc.a,1398,384,76,28,1782,1858,104
ql_sdmmc.c.obj,..\..\components\ql-kernel\libs\libql_api_sdmmc.a,1382,242,0,8,1624,1624,8
ql_api_sim.c.obj,..\..\components\ql-kernel\libs\libql_api_sim.a,4580,1089,32,12,5669,5701,44
ql_api_sms.c.obj,..\..\components\ql-kernel\libs\libql_api_sms.a,6306,768,0,20,7074,7074,20
ql_sms_utf.c.obj,..\..\components\ql-kernel\libs\libql_api_sms.a,1224,280,0,0,1504,1504,0
ql_api_spi.c.obj,..\..\components\ql-kernel\libs\libql_api_spi.a,3172,744,0,96,3916,3916,96
ql_api_spi6_ext_nor_flash.c.obj,..\..\components\ql-kernel\libs\libql_api_spi6_ext_nor_flash.a,108,32,0,0,140,140,0
ql_api_spi_flash.c.obj,..\..\components\ql-kernel\libs\libql_api_spi_flash.a,292,98,0,20,390,390,20
ql_api_spi_nand_flash.c.obj,..\..\components\ql-kernel\libs\libql_api_spi_nand_flash.a,1726,467,0,1,2193,2193,1
ql_api_spi_nor_flash.c.obj,..\..\components\ql-kernel\libs\libql_api_spi_nor_flash.a,2228,553,8,12,2781,2789,20
ql_uart.c.obj,..\..\components\ql-kernel\libs\libql_api_uart.a,4350,1553,36,144,5903,5939,180
ql_usb.c.obj,..\..\components\ql-kernel\libs\libql_api_usb.a,688,330,0,28,1018,1018,28
quec_usb_audio.c.obj,..\..\components\ql-kernel\libs\libql_api_usb.a,3120,851,0,12,3971,3971,12
ql_api_virt_at.c.obj,..\..\components\ql-kernel\libs\libql_api_virt_at.a,1508,663,0,8,2171,2171,8
ql_api_voice_call.c.obj,..\..\components\ql-kernel\libs\libql_api_voice_call.a,4546,1194,80,4,5740,5820,84
ql_wifi_scan.c.obj,..\..\components\ql-kernel\libs\libql_api_wifiscan.a,1940,615,28,8,2555,2583,36
ql_ssl_ctx.c.obj,..\..\components\ql-kernel\libs\libql_apptcpip.a,1370,0,0,4992,1370,1370,4992
ql_tcpip_app.c.obj,..\..\components\ql-kernel\libs\libql_at.a,10060,1693,64,56,11753,11817,120
quec_at_app_init.c.obj,..\..\components\ql-kernel\libs\libql_at.a,40,0,0,0,40,40,0
quec_at_engine.c.obj,..\..\components\ql-kernel\libs\libql_at.a,614,143,0,0,757,757,0
quec_atcmd_general.c.obj,..\..\components\ql-kernel\libs\libql_at.a,11228,3458,241,30,14686,14927,271
quec_atcmd_hw.c.obj,..\..\components\ql-kernel\libs\libql_at.a,772,141,0,0,913,913,0
quec_atcmd_network.c.obj,..\..\components\ql-kernel\libs\libql_at.a,14768,2785,24,1473,17553,17577,1497
quec_atcmd_qcfg.c.obj,..\..\components\ql-kernel\libs\libql_at.a,5744,2137,157,1,7881,8038,158
quec_atcmd_qdbgcfg.c.obj,..\..\components\ql-kernel\libs\libql_at.a,4248,1255,230,16,5503,5733,246
quec_atcmd_sdmmc.c.obj,..\..\components\ql-kernel\libs\libql_at.a,540,189,0,0,729,729,0
quec_atcmd_sim.c.obj,..\..\components\ql-kernel\libs\libql_at.a,2654,1143,0,56,3797,3797,56
quec_atcmd_spi6nor.c.obj,..\..\components\ql-kernel\libs\libql_at.a,148,37,0,0,185,185,0
quec_data_engine.c.obj,..\..\components\ql-kernel\libs\libql_at.a,1240,360,0,16,1600,1600,16
quec_msg_process.c.obj,..\..\components\ql-kernel\libs\libql_at.a,400,132,0,8,532,532,8
quec_camera.c.obj,..\..\components\ql-kernel\libs\libql_bsp.a,488,93,9,1,581,590,10
quec_led_task.c.obj,..\..\components\ql-kernel\libs\libql_bsp.a,340,132,8,4,472,480,12
quec_sdmmc_cfg.c.obj,..\..\components\ql-kernel\libs\libql_bsp.a,2208,524,0,522,2732,2732,522
quec_usb_driver.c.obj,..\..\components\ql-kernel\libs\libql_bsp.a,1792,399,24,18,2191,2215,42
base64.c.obj,..\..\components\ql-kernel\libs\libql_curl.a,548,89,0,0,637,637,0
conncache.c.obj,..\..\components\ql-kernel\libs\libql_curl.a,1412,130,0,0,1542,1542,0
connect.c.obj,..\..\components\ql-kernel\libs\libql_curl.a,3612,776,0,0,4388,4388,0
content_encoding.c.obj,..\..\components\ql-kernel\libs\libql_curl.a,4,0,0,0,4,4,0
curl_addrinfo.c.obj,..\..\components\ql-kernel\libs\libql_curl.a,730,0,0,0,730,730,0
curl_ctype.c.obj,..\..\components\ql-kernel\libs\libql_curl.a,208,128,0,0,336,336,0
curl_fnmatch.c.obj,..\..\components\ql-kernel\libs\libql_curl.a,1070,49,0,0,1119,1119,0
curl_path.c.obj,..\..\components\ql-kernel\libs\libql_curl.a,580,9,0,0,589,589,0
curl_range.c.obj,..\..\components\ql-kernel\libs\libql_curl.a,276,144,0,0,420,420,0
dotdot.c.obj,..\..\components\ql-kernel\libs\libql_curl.a,360,28,0,0,388,388,0
dynbuf.c.obj,..\..\components\ql-kernel\libs\libql_curl.a,540,0,0,0,540,540,0
easy.c.obj,..\..\components\ql-kernel\libs\libql_curl.a,590,127,20,4,717,737,24
escape.c.obj,..\..\components\ql-kernel\libs\libql_curl.a,278,0,0,0,278,278,0
fileinfo.c.obj,..\..\components\ql-kernel\libs\libql_curl.a,52,0,0,0,52,52,0
ftp.c.obj,..\..\components\ql-kernel\libs\libql_curl.a,12740,4074,0,0,16814,16814,0
ftplistparser.c.obj,..\..\components\ql-kernel\libs\libql_curl.a,2396,54,0,0,2450,2450,0
getenv.c.obj,..\..\components\ql-kernel\libs\libql_curl.a,32,0,0,0,32,32,0
getinfo.c.obj,..\..\components\ql-kernel\libs\libql_curl.a,1888,59,0,0,1947,1947,0
hash.c.obj,..\..\components\ql-kernel\libs\libql_curl.a,656,0,0,0,656,656,0
hostip.c.obj,..\..\components\ql-kernel\libs\libql_curl.a,1916,441,0,0,2357,2357,0
hostip6.c.obj,..\..\components\ql-kernel\libs\libql_curl.a,252,33,0,0,285,285,0
http_proxy.c.obj,..\..\components\ql-kernel\libs\libql_curl.a,2,0,0,0,2,2,0
if2ip.c.obj,..\..\components\ql-kernel\libs\libql_curl.a,132,0,0,0,132,132,0
inet_ntop.c.obj,..\..\components\ql-kernel\libs\libql_curl.a,480,16,0,0,496,496,0
inet_pton.c.obj,..\..\components\ql-kernel\libs\libql_curl.a,432,45,0,0,477,477,0
libssh2.c.obj,..\..\components\ql-kernel\libs\libql_curl.a,11522,5618,0,0,17140,17140,0
llist.c.obj,..\..\components\ql-kernel\libs\libql_curl.a,192,0,0,0,192,192,0
mbedtls.c.obj,..\..\components\ql-kernel\libs\libql_curl.a,3218,1494,0,0,4712,4712,0
mprintf.c.obj,..\..\components\ql-kernel\libs\libql_curl.a,3168,91,0,0,3259,3259,0
multi.c.obj,..\..\components\ql-kernel\libs\libql_curl.a,8388,1077,0,0,9465,9465,0
nonblock.c.obj,..\..\components\ql-kernel\libs\libql_curl.a,32,0,0,0,32,32,0
parsedate.c.obj,..\..\components\ql-kernel\libs\libql_curl.a,1140,1140,0,0,2280,2280,0
pingpong.c.obj,..\..\components\ql-kernel\libs\libql_curl.a,1332,239,0,0,1571,1571,0
progress.c.obj,..\..\components\ql-kernel\libs\libql_curl.a,1726,19,0,0,1745,1745,0
quectel_curl_io.c.obj,..\..\components\ql-kernel\libs\libql_curl.a,302,129,0,4,431,431,4
select.c.obj,..\..\components\ql-kernel\libs\libql_curl.a,838,0,0,0,838,838,0
sendf.c.obj,..\..\components\ql-kernel\libs\libql_curl.a,1286,277,0,0,1563,1563,0
setopt.c.obj,..\..\components\ql-kernel\libs\libql_curl.a,6824,1,0,0,6825,6825,0
share.c.obj,..\..\components\ql-kernel\libs\libql_curl.a,72,0,0,0,72,72,0
slist.c.obj,..\..\components\ql-kernel\libs\libql_curl.a,144,0,0,0,144,144,0
socketpair.c.obj,..\..\components\ql-kernel\libs\libql_curl.a,6,0,0,0,6,6,0
socks.c.obj,..\..\components\ql-kernel\libs\libql_curl.a,2832,2743,0,0,5575,5575,0
speedcheck.c.obj,..\..\components\ql-kernel\libs\libql_curl.a,184,77,0,0,261,261,0
splay.c.obj,..\..\components\ql-kernel\libs\libql_curl.a,650,32,0,0,682,682,0
strcase.c.obj,..\..\components\ql-kernel\libs\libql_curl.a,164,0,0,0,164,164,0
strdup.c.obj,..\..\components\ql-kernel\libs\libql_curl.a,44,0,0,0,44,44,0
strerror.c.obj,..\..\components\ql-kernel\libs\libql_curl.a,152,3742,0,0,3894,3894,0
strtoofft.c.obj,..\..\components\ql-kernel\libs\libql_curl.a,114,0,0,0,114,114,0
timeval.c.obj,..\..\components\ql-kernel\libs\libql_curl.a,270,0,0,0,270,270,0
transfer.c.obj,..\..\components\ql-kernel\libs\libql_curl.a,4146,1073,0,0,5219,5219,0
url.c.obj,..\..\components\ql-kernel\libs\libql_curl.a,10914,1751,0,0,12665,12665,0
urlapi.c.obj,..\..\components\ql-kernel\libs\libql_curl.a,4734,261,0,0,4995,4995,0
vtls.c.obj,..\..\components\ql-kernel\libs\libql_curl.a,3566,333,12,209,3899,3911,221
warnless.c.obj,..\..\components\ql-kernel\libs\libql_curl.a,100,0,0,0,100,100,0
wildcard.c.obj,..\..\components\ql-kernel\libs\libql_curl.a,98,0,0,0,98,98,0
ql_ext_codec.c.obj,..\..\components\ql-kernel\libs\libql_ext_codec.a,70,0,0,0,70,70,0
quec_fatfs_mpal.c.obj,..\..\components\ql-kernel\libs\libql_fatfs_ex.a,2832,786,0,328,3618,3618,328
quec_sfs_file.c.obj,..\..\components\ql-kernel\libs\libql_file.a,5208,1041,16,0,6249,6265,16
quec_vfs_file.c.obj,..\..\components\ql-kernel\libs\libql_file.a,404,161,0,0,565,565,0
quec_ftp_client_c.c.obj,..\..\components\ql-kernel\libs\libql_ftp.a,13188,2429,0,0,15617,15617,0
quec_gnss_handle.c.obj,..\..\components\ql-kernel\libs\libql_gnss_aux.a,12234,7569,14,468,19803,19817,482
quec_http_client.c.obj,..\..\components\ql-kernel\libs\libql_http.a,15332,3224,90,13,18556,18646,103
ql_lbs_client.c.obj,..\..\components\ql-kernel\libs\libql_lbs.a,6008,886,0,16,6894,6894,16
mqtt_packet.c.obj,..\..\components\ql-kernel\libs\libql_mqtt.a,2306,488,0,0,2794,2794,0
ql_mqtt_client.c.obj,..\..\components\ql-kernel\libs\libql_mqtt.a,9924,1207,0,16,11131,11131,16
quec_onenet_token.c.obj,..\..\components\ql-kernel\libs\libql_mqtt.a,1220,414,0,0,1634,1634,0
ql_socket.c.obj,..\..\components\ql-kernel\libs\libql_net.a,5928,1176,0,94,7104,7104,94
ql_ssl.c.obj,..\..\components\ql-kernel\libs\libql_net.a,6540,1262,0,32,7802,7802,32
ql_ntp_client.c.obj,..\..\components\ql-kernel\libs\libql_ntp.a,2722,614,0,12,3336,3336,12
ql_ping_app.c.obj,..\..\components\ql-kernel\libs\libql_ping.a,2448,644,0,12,3092,3092,12
quec_power_mg.c.obj,..\..\components\ql-kernel\libs\libql_power.a,3194,1347,100,66,4541,4641,166
ber_tlv_length.c.obj,..\..\components\ql-kernel\libs\libql_tlv.a,184,0,0,0,184,184,0
ber_tlv_tag.c.obj,..\..\components\ql-kernel\libs\libql_tlv.a,206,0,0,0,206,206,0
quec_linklist.c.obj,..\..\components\ql-kernel\libs\libql_urc.a,1688,0,0,0,1688,1688,0
quec_urc.c.obj,..\..\components\ql-kernel\libs\libql_urc.a,8,0,0,2,8,8,2
base64.c.obj,..\..\components\ql-kernel\libs\libql_utils.a,184,65,0,0,249,249,0
data_conversion.c.obj,..\..\components\ql-kernel\libs\libql_utils.a,516,0,0,0,516,516,0
quec_aes.c.obj,..\..\components\ql-kernel\libs\libql_utils.a,204,166,0,0,370,370,0
quec_md5.c.obj,..\..\components\ql-kernel\libs\libql_utils.a,2114,64,0,0,2178,2178,0
quec_sha1.c.obj,..\..\components\ql-kernel\libs\libql_utils.a,234,0,0,0,234,234,0
quec_utf8.c.obj,..\..\components\ql-kernel\libs\libql_utils.a,152,0,108,0,152,260,108
ringbuffer.c.obj,..\..\components\ql-kernel\libs\libql_utils.a,228,0,0,0,228,228,0
quec_init.c.obj,..\..\components\ql-kernel\libs\libquectel.a,340,199,4,0,539,543,4
quec_ver.c.obj,..\..\components\ql-kernel\libs\libquectel.a,0,34,0,0,34,34,0
_aeabi_ldivmod.o,..\..\prebuilts\win32\gcc-arm-none-eabi\lib\gcc\arm-none-eabi\7.2.1\thumb\v7-ar\fpv3\hard\libgcc.a,160,0,0,0,160,160,0
_aeabi_uldivmod.o,..\..\prebuilts\win32\gcc-arm-none-eabi\lib\gcc\arm-none-eabi\7.2.1\thumb\v7-ar\fpv3\hard\libgcc.a,48,0,0,0,48,48,0
_arm_addsubdf3.o,..\..\prebuilts\win32\gcc-arm-none-eabi\lib\gcc\arm-none-eabi\7.2.1\thumb\v7-ar\fpv3\hard\libgcc.a,888,0,0,0,888,888,0
_divsi3.o,..\..\prebuilts\win32\gcc-arm-none-eabi\lib\gcc\arm-none-eabi\7.2.1\thumb\v7-ar\fpv3\hard\libgcc.a,688,0,0,0,688,688,0
_dvmd_tls.o,..\..\prebuilts\win32\gcc-arm-none-eabi\lib\gcc\arm-none-eabi\7.2.1\thumb\v7-ar\fpv3\hard\libgcc.a,4,0,0,0,4,4,0
_fixdfdi.o,..\..\prebuilts\win32\gcc-arm-none-eabi\lib\gcc\arm-none-eabi\7.2.1\thumb\v7-ar\fpv3\hard\libgcc.a,36,0,0,0,36,36,0
_fixunsdfdi.o,..\..\prebuilts\win32\gcc-arm-none-eabi\lib\gcc\arm-none-eabi\7.2.1\thumb\v7-ar\fpv3\hard\libgcc.a,80,0,0,0,80,80,0
_udivmoddi4.o,..\..\prebuilts\win32\gcc-arm-none-eabi\lib\gcc\arm-none-eabi\7.2.1\thumb\v7-ar\fpv3\hard\libgcc.a,324,0,0,0,324,324,0
_udivsi3.o,..\..\prebuilts\win32\gcc-arm-none-eabi\lib\gcc\arm-none-eabi\7.2.1\thumb\v7-ar\fpv3\hard\libgcc.a,632,0,0,0,632,632,0
app_loader.c.obj,lib\libapploader.a,628,249,0,16,877,877,16
core_export.o,lib\libapploader.a,136,6968,4,0,7104,7108,4
app_start.c.obj,libappstart.a,1480,436,0,27,1916,1916,27
at_cmd_cfg.c.obj,lib\libatr.a,1236,451,0,18824,1687,1687,18824
at_cmd_cfg_default.c.obj,lib\libatr.a,0,9412,0,0,9412,9412,0
at_device.c.obj,lib\libatr.a,122,0,0,0,122,122,0
at_device_diag.c.obj,lib\libatr.a,298,0,0,0,298,298,0
at_device_uart.c.obj,lib\libatr.a,1346,52,0,0,1398,1398,0
at_device_userial.c.obj,lib\libatr.a,736,28,0,0,764,764,0
at_device_virt.c.obj,lib\libatr.a,616,14,0,0,630,630,0
at_engine.c.obj,lib\libatr.a,1298,205,0,16,1503,1503,16
at_param.c.obj,lib\libatr.a,1004,1,0,0,1005,1005,0
at_parse.c.obj,lib\libatr.a,688,5186,0,0,5874,5874,0
at_response.c.obj,lib\libatr.a,2352,5888,0,16,8240,8240,16
at_setting.pb.c.obj,lib\libatr.a,0,1240,0,0,1240,1240,0
at_setting_codec.c.obj,lib\libatr.a,3072,0,0,0,3072,3072,0
at_cmd_engine.c.obj,lib\libatr_core1.a,2266,27,0,4,2293,2293,4
at_data_engine.c.obj,lib\libatr_core1.a,474,24,0,0,498,498,0
at_dispatch.c.obj,lib\libatr_core1.a,2128,163,0,8,2291,2291,8
at_cmux_engine.c.obj,lib\libatr_core2.a,2544,26,0,0,2570,2570,0
at_parse.lex.c.obj,lib\libatr_core2.a,1934,1613,0,0,3547,3547,0
at_parse.y.c.obj,lib\libatr_core2.a,712,595,0,12,1307,1307,12
at_cfw.c.obj,lib\libats.a,4564,984,4,6884,5548,5552,6888
at_cmd_audio.c.obj,lib\libats.a,2932,220,0,44,3152,3152,44
at_cmd_battery.c.obj,lib\libats.a,292,137,2,0,429,431,2
at_cmd_blueu_verify.c.obj,lib\libats.a,1318,405,0,100,1723,1723,100
at_cmd_bt.c.obj,lib\libats.a,8,0,0,0,8,8,0
at_cmd_bt_app.c.obj,lib\libats.a,64,21,0,4,85,85,4
at_cmd_cc.c.obj,lib\libats.a,6738,1917,0,1399,8655,8655,1399
at_cmd_debug.c.obj,lib\libats.a,144,31,0,0,175,175,0
at_cmd_gc.c.obj,lib\libats.a,6472,1519,0,0,7991,7991,0
at_cmd_gprs.c.obj,lib\libats.a,18132,22687,0,315,40819,40819,315
at_cmd_id.c.obj,lib\libats.a,844,130,0,0,974,974,0
at_cmd_netif.c.obj,lib\libats.a,640,241,0,0,881,881,0
at_cmd_nv.c.obj,lib\libats.a,1384,79,0,0,1463,1463,0
at_cmd_nw.c.obj,lib\libats.a,13002,4690,5,13,17692,17697,18
at_cmd_pbk.c.obj,lib\libats.a,686,65,0,0,751,751,0
at_cmd_sat.c.obj,lib\libats.a,14018,6949,5,737,20967,20972,742
at_cmd_sim.c.obj,lib\libats.a,10340,3459,0,187,13799,13799,187
at_cmd_simlock.c.obj,lib\libats.a,190,0,0,0,190,190,0
at_cmd_sms.c.obj,lib\libats.a,5082,882,0,1,5964,5964,1
at_cmd_ss.c.obj,lib\libats.a,5168,2444,65,3,7612,7677,68
at_cmd_ssim.c.obj,lib\libats.a,8,0,0,0,8,8,0
at_cmd_sysnv.c.obj,lib\libats.a,372,966,0,0,1338,1338,0
at_cmd_vsim.c.obj,lib\libats.a,408,379,0,24,787,787,24
at_cmd_wifi.c.obj,lib\libats.a,1136,404,0,12,1540,1540,12
audio_decoder.c.obj,lib\libaudio.a,198,32,0,0,230,230,0
audio_device.c.obj,lib\libaudio.a,8330,1534,0,1216,9864,9864,1216
audio_device.pb.c.obj,lib\libaudio.a,0,100,0,0,100,100,0
audio_encoder.c.obj,lib\libaudio.a,158,32,0,0,190,190,0
audio_reader.c.obj,lib\libaudio.a,660,111,0,0,771,771,0
audio_types.c.obj,lib\libaudio.a,340,96,0,0,436,436,0
audio_writer.c.obj,lib\libaudio.a,146,62,0,0,208,208,0
a_refl.cpp.obj,lib\libaudio_core.a,418,0,0,0,418,418,0
add.cpp.obj,lib\libaudio_core.a,40,0,0,0,40,40,0
agc.cpp.obj,lib\libaudio_core.a,666,0,0,0,666,666,0
agc2_amr_wb.cpp.obj,lib\libaudio_core.a,344,0,0,0,344,344,0
amrdecode.cpp.obj,lib\libaudio_core.a,196,0,0,0,196,196,0
amrencode.cpp.obj,lib\libaudio_core.a,366,8,0,0,374,374,0
audio_decoder_amrnb.c.obj,lib\libaudio_core.a,704,194,0,0,898,898,0
audio_decoder_amrwb.c.obj,lib\libaudio_core.a,712,197,0,0,909,909,0
audio_decoder_mp3.c.obj,lib\libaudio_core.a,11524,8198,0,0,19722,19722,0
audio_decoder_pcm.c.obj,lib\libaudio_core.a,460,117,0,0,577,577,0
audio_decoder_sbc.c.obj,lib\libaudio_core.a,976,382,0,0,1358,1358,0
audio_decoder_wav.c.obj,lib\libaudio_core.a,704,123,0,0,827,827,0
audio_encoder_amrnb.c.obj,lib\libaudio_core.a,464,118,0,0,582,582,0
audio_encoder_amrwb.c.obj,lib\libaudio_core.a,472,118,0,0,590,590,0
audio_encoder_pcm.c.obj,lib\libaudio_core.a,156,86,0,0,242,242,0
audio_encoder_wav.c.obj,lib\libaudio_core.a,632,115,0,0,747,747,0
audio_player.c.obj,lib\libaudio_core.a,1156,461,0,0,1617,1617,0
audio_recorder.c.obj,lib\libaudio_core.a,670,326,0,0,996,996,0
audio_tonegen.c.obj,lib\libaudio_core.a,540,36,0,0,576,576,0
autocorr.c.obj,lib\libaudio_core.a,430,768,0,0,1198,1198,0
autocorr.cpp.obj,lib\libaudio_core.a,392,0,0,0,392,392,0
az_isp.c.obj,lib\libaudio_core.a,686,202,0,0,888,888,0
az_lsp.cpp.obj,lib\libaudio_core.a,520,0,0,0,520,520,0
b_cn_cod.cpp.obj,lib\libaudio_core.a,260,0,0,0,260,260,0
band_pass_6k_7k.cpp.obj,lib\libaudio_core.a,424,60,0,0,484,484,0
bgnscd.cpp.obj,lib\libaudio_core.a,376,0,0,0,376,376,0
bitno_tab.cpp.obj,lib\libaudio_core.a,0,488,0,0,488,488,0
bitreorder_tab.cpp.obj,lib\libaudio_core.a,0,2534,0,0,2534,2534,0
bits.c.obj,lib\libaudio_core.a,474,5994,0,0,6468,6468,0
c1035pf.cpp.obj,lib\libaudio_core.a,678,0,0,0,678,678,0
c2_11pf.cpp.obj,lib\libaudio_core.a,936,12,0,0,948,948,0
c2_9pf.cpp.obj,lib\libaudio_core.a,898,40,0,0,938,938,0
c2_9pf_tab.cpp.obj,lib\libaudio_core.a,0,32,0,0,32,32,0
c2t64fx.c.obj,lib\libaudio_core.a,956,0,0,0,956,956,0
c3_14pf.cpp.obj,lib\libaudio_core.a,1090,0,0,0,1090,1090,0
c4_17pf.cpp.obj,lib\libaudio_core.a,1194,0,0,0,1194,1194,0
c4t64fx.c.obj,lib\libaudio_core.a,3510,72,0,0,3582,3582,0
c8_31pf.cpp.obj,lib\libaudio_core.a,752,0,0,0,752,752,0
c_g_aver.cpp.obj,lib\libaudio_core.a,732,0,0,0,732,732,0
calc_cor.cpp.obj,lib\libaudio_core.a,216,0,0,0,216,216,0
calc_en.cpp.obj,lib\libaudio_core.a,1032,0,0,0,1032,1032,0
cbsearch.cpp.obj,lib\libaudio_core.a,568,0,0,0,568,568,0
cl_ltp.cpp.obj,lib\libaudio_core.a,474,0,0,0,474,474,0
cmnMemory.c.obj,lib\libaudio_core.a,76,0,0,0,76,76,0
cod_amr.cpp.obj,lib\libaudio_core.a,2416,60,0,0,2476,2476,0
convolve.cpp.obj,lib\libaudio_core.a,158,0,0,0,158,158,0
convolve_neon.s.obj,lib\libaudio_core.a,456,0,0,0,456,456,0
cor_h.cpp.obj,lib\libaudio_core.a,428,0,0,0,428,428,0
cor_h_vec_neon.s.obj,lib\libaudio_core.a,356,0,0,0,356,356,0
cor_h_x.c.obj,lib\libaudio_core.a,478,0,0,0,478,478,0
cor_h_x.cpp.obj,lib\libaudio_core.a,308,0,0,0,308,308,0
cor_h_x2.cpp.obj,lib\libaudio_core.a,196,0,0,0,196,196,0
corrwght_tab.cpp.obj,lib\libaudio_core.a,0,502,0,0,502,502,0
d1035pf.cpp.obj,lib\libaudio_core.a,116,0,0,0,116,116,0
d2_11pf.cpp.obj,lib\libaudio_core.a,94,0,0,0,94,94,0
d2_9pf.cpp.obj,lib\libaudio_core.a,120,0,0,0,120,120,0
d3_14pf.cpp.obj,lib\libaudio_core.a,110,0,0,0,110,110,0
d4_17pf.cpp.obj,lib\libaudio_core.a,130,0,0,0,130,130,0
d8_31pf.cpp.obj,lib\libaudio_core.a,424,0,0,0,424,424,0
d_gain_c.cpp.obj,lib\libaudio_core.a,274,0,0,0,274,274,0
d_gain_p.cpp.obj,lib\libaudio_core.a,16,0,0,0,16,16,0
d_plsf.cpp.obj,lib\libaudio_core.a,38,0,0,0,38,38,0
d_plsf_3.cpp.obj,lib\libaudio_core.a,600,0,0,0,600,600,0
d_plsf_5.cpp.obj,lib\libaudio_core.a,596,0,0,0,596,596,0
dec_acelp_2p_in_64.cpp.obj,lib\libaudio_core.a,66,0,0,0,66,66,0
dec_acelp_4p_in_64.cpp.obj,lib\libaudio_core.a,554,0,0,0,554,554,0
dec_alg_codebook.cpp.obj,lib\libaudio_core.a,950,0,0,0,950,950,0
dec_amr.cpp.obj,lib\libaudio_core.a,3216,0,0,0,3216,3216,0
dec_gain.cpp.obj,lib\libaudio_core.a,424,0,0,0,424,424,0
dec_gain2_amr_wb.cpp.obj,lib\libaudio_core.a,846,56,0,0,902,902,0
dec_input_format_tab.cpp.obj,lib\libaudio_core.a,0,64,0,0,64,64,0
dec_lag3.cpp.obj,lib\libaudio_core.a,190,0,0,0,190,190,0
dec_lag6.cpp.obj,lib\libaudio_core.a,124,0,0,0,124,124,0
decim54.c.obj,lib\libaudio_core.a,562,240,0,0,802,802,0
deemph.c.obj,lib\libaudio_core.a,78,0,0,0,78,78,0
Deemph_32_neon.s.obj,lib\libaudio_core.a,224,0,0,0,224,224,0
deemphasis_32.cpp.obj,lib\libaudio_core.a,222,0,0,0,222,222,0
div_32.cpp.obj,lib\libaudio_core.a,236,0,0,0,236,236,0
div_s.cpp.obj,lib\libaudio_core.a,88,0,0,0,88,88,0
Dot_p_neon.s.obj,lib\libaudio_core.a,308,0,0,0,308,308,0
dtx.c.obj,lib\libaudio_core.a,2028,18,0,0,2046,2046,0
dtx_dec.cpp.obj,lib\libaudio_core.a,2614,38,0,0,2652,2652,0
dtx_decoder_amr_wb.cpp.obj,lib\libaudio_core.a,1764,0,0,0,1764,1764,0
dtx_enc.cpp.obj,lib\libaudio_core.a,768,0,0,0,768,768,0
ec_gains.cpp.obj,lib\libaudio_core.a,408,28,0,0,436,436,0
enc_lag3.cpp.obj,lib\libaudio_core.a,148,0,0,0,148,148,0
enc_lag6.cpp.obj,lib\libaudio_core.a,40,0,0,0,40,40,0
enc_output_format_tab.cpp.obj,lib\libaudio_core.a,0,64,0,0,64,64,0
ets_to_if2.cpp.obj,lib\libaudio_core.a,566,0,0,0,566,566,0
ets_to_wmf.cpp.obj,lib\libaudio_core.a,864,0,0,0,864,864,0
ex_ctrl.cpp.obj,lib\libaudio_core.a,306,0,0,0,306,306,0
Filt_6k_7k_neon.s.obj,lib\libaudio_core.a,640,0,0,0,640,640,0
g_adapt.cpp.obj,lib\libaudio_core.a,288,0,0,0,288,288,0
g_code.cpp.obj,lib\libaudio_core.a,228,0,0,0,228,228,0
g_pitch.c.obj,lib\libaudio_core.a,204,0,0,0,204,204,0
g_pitch.cpp.obj,lib\libaudio_core.a,474,0,0,0,474,474,0
gain_q.cpp.obj,lib\libaudio_core.a,916,0,0,0,916,916,0
gains_tbl.cpp.obj,lib\libaudio_core.a,0,230,0,0,230,230,0
gc_pred.cpp.obj,lib\libaudio_core.a,746,16,0,0,762,762,0
get_amr_wb_bits.cpp.obj,lib\libaudio_core.a,104,0,0,0,104,104,0
get_const_tbls.cpp.obj,lib\libaudio_core.a,280,0,0,0,280,280,0
gmed_n.cpp.obj,lib\libaudio_core.a,112,0,0,0,112,112,0
gpclip.c.obj,lib\libaudio_core.a,154,0,0,0,154,154,0
gray_tbl.cpp.obj,lib\libaudio_core.a,0,32,0,0,32,32,0
grid_tbl.cpp.obj,lib\libaudio_core.a,0,122,0,0,122,122,0
highpass_400hz_at_12k8.cpp.obj,lib\libaudio_core.a,158,0,0,0,158,158,0
highpass_50hz_at_12k8.cpp.obj,lib\libaudio_core.a,186,0,0,0,186,186,0
homing.c.obj,lib\libaudio_core.a,28,0,0,0,28,28,0
homing_amr_wb_dec.cpp.obj,lib\libaudio_core.a,468,468,0,0,936,936,0
hp400.c.obj,lib\libaudio_core.a,156,0,0,0,156,156,0
hp50.c.obj,lib\libaudio_core.a,188,0,0,0,188,188,0
hp6k.c.obj,lib\libaudio_core.a,6,62,0,0,68,68,0
hp_max.cpp.obj,lib\libaudio_core.a,518,0,0,0,518,518,0
hp_wsp.c.obj,lib\libaudio_core.a,410,0,0,0,410,410,0
if2_to_ets.cpp.obj,lib\libaudio_core.a,200,0,0,0,200,200,0
int_lpc.c.obj,lib\libaudio_core.a,104,0,0,0,104,104,0
int_lpc.cpp.obj,lib\libaudio_core.a,560,0,0,0,560,560,0
int_lsf.cpp.obj,lib\libaudio_core.a,146,0,0,0,146,146,0
inter_36.cpp.obj,lib\libaudio_core.a,136,0,0,0,136,136,0
inter_36_tab.cpp.obj,lib\libaudio_core.a,0,50,0,0,50,50,0
interpolate_isp.cpp.obj,lib\libaudio_core.a,170,0,0,0,170,170,0
inv_sqrt.cpp.obj,lib\libaudio_core.a,80,0,0,0,80,80,0
inv_sqrt_tbl.cpp.obj,lib\libaudio_core.a,0,98,0,0,98,98,0
isf_extrapolation.cpp.obj,lib\libaudio_core.a,1004,0,0,0,1004,1004,0
isp_az.c.obj,lib\libaudio_core.a,1016,0,0,0,1016,1016,0
isp_az.cpp.obj,lib\libaudio_core.a,912,0,0,0,912,912,0
isp_isf.c.obj,lib\libaudio_core.a,184,514,0,0,698,698,0
isp_isf.cpp.obj,lib\libaudio_core.a,128,258,0,0,386,386,0
l_abs.cpp.obj,lib\libaudio_core.a,10,0,0,0,10,10,0
l_comp.cpp.obj,lib\libaudio_core.a,38,0,0,0,38,38,0
l_extract.cpp.obj,lib\libaudio_core.a,14,0,0,0,14,14,0
l_negate.cpp.obj,lib\libaudio_core.a,14,0,0,0,14,14,0
l_shr_r.cpp.obj,lib\libaudio_core.a,66,0,0,0,66,66,0
lag_wind.c.obj,lib\libaudio_core.a,64,64,0,0,128,128,0
lag_wind.cpp.obj,lib\libaudio_core.a,152,0,0,0,152,152,0
lag_wind_tab.cpp.obj,lib\libaudio_core.a,0,40,0,0,40,40,0
lagconceal.cpp.obj,lib\libaudio_core.a,604,0,0,0,604,604,0
levinson.c.obj,lib\libaudio_core.a,684,0,0,0,684,684,0
levinson.cpp.obj,lib\libaudio_core.a,898,0,0,0,898,898,0
log2.c.obj,lib\libaudio_core.a,116,66,0,0,182,182,0
log2.cpp.obj,lib\libaudio_core.a,30,0,0,0,30,30,0
log2_norm.cpp.obj,lib\libaudio_core.a,64,0,0,0,64,64,0
log2_tbl.cpp.obj,lib\libaudio_core.a,0,66,0,0,66,66,0
low_pass_filt_7k.cpp.obj,lib\libaudio_core.a,392,62,0,0,454,454,0
lp_dec2.c.obj,lib\libaudio_core.a,134,0,0,0,134,134,0
lpc.cpp.obj,lib\libaudio_core.a,274,0,0,0,274,274,0
lsfwt.cpp.obj,lib\libaudio_core.a,116,0,0,0,116,116,0
lsp.cpp.obj,lib\libaudio_core.a,374,0,0,0,374,374,0
lsp_avg.cpp.obj,lib\libaudio_core.a,142,0,0,0,142,142,0
lsp_az.cpp.obj,lib\libaudio_core.a,226,0,0,0,226,226,0
lsp_lsf.cpp.obj,lib\libaudio_core.a,144,0,0,0,144,144,0
lsp_lsf_tbl.cpp.obj,lib\libaudio_core.a,0,258,0,0,258,258,0
lsp_tab.cpp.obj,lib\libaudio_core.a,0,20,0,0,20,20,0
math_op.c.obj,lib\libaudio_core.a,220,164,0,0,384,384,0
median5.cpp.obj,lib\libaudio_core.a,108,0,0,0,108,108,0
mem_align.c.obj,lib\libaudio_core.a,144,0,0,0,144,144,0
mime_io.cpp.obj,lib\libaudio_core.a,476,5894,0,0,6370,6370,0
mult_r.cpp.obj,lib\libaudio_core.a,48,0,0,0,48,48,0
noise_gen_amrwb.cpp.obj,lib\libaudio_core.a,22,0,0,0,22,22,0
Norm_Corr_neon.s.obj,lib\libaudio_core.a,664,0,0,0,664,664,0
norm_l.cpp.obj,lib\libaudio_core.a,54,0,0,0,54,54,0
norm_s.cpp.obj,lib\libaudio_core.a,58,0,0,0,58,58,0
normalize_amr_wb.cpp.obj,lib\libaudio_core.a,130,0,0,0,130,130,0
ol_ltp.cpp.obj,lib\libaudio_core.a,134,0,0,0,134,134,0
oper_32b.c.obj,lib\libaudio_core.a,196,0,0,0,196,196,0
oversamp_12k8_to_16k.cpp.obj,lib\libaudio_core.a,402,192,0,0,594,594,0
p_med_ol.c.obj,lib\libaudio_core.a,786,398,0,0,1184,1184,0
p_ol_wgh.cpp.obj,lib\libaudio_core.a,912,0,0,0,912,912,0
ph_disp.cpp.obj,lib\libaudio_core.a,688,0,0,0,688,688,0
ph_disp_tab.cpp.obj,lib\libaudio_core.a,0,320,0,0,320,320,0
phase_dispersion.cpp.obj,lib\libaudio_core.a,408,256,0,0,664,664,0
pit_shrp.c.obj,lib\libaudio_core.a,56,0,0,0,56,56,0
pit_shrp.cpp.obj,lib\libaudio_core.a,90,0,0,0,90,90,0
pitch_f4.c.obj,lib\libaudio_core.a,412,64,0,0,476,476,0
pitch_fr.cpp.obj,lib\libaudio_core.a,1192,162,0,0,1354,1354,0
pitch_ol.cpp.obj,lib\libaudio_core.a,924,0,0,0,924,924,0
post_pro.cpp.obj,lib\libaudio_core.a,200,0,0,0,200,200,0
pow2.cpp.obj,lib\libaudio_core.a,88,0,0,0,88,88,0
pow2_tbl.cpp.obj,lib\libaudio_core.a,0,66,0,0,66,66,0
pre_big.cpp.obj,lib\libaudio_core.a,126,0,0,0,126,126,0
pre_proc.cpp.obj,lib\libaudio_core.a,228,0,0,0,228,228,0
pred_lt.cpp.obj,lib\libaudio_core.a,236,122,0,0,358,358,0
pred_lt4.c.obj,lib\libaudio_core.a,0,256,0,0,256,256,0
pred_lt4.cpp.obj,lib\libaudio_core.a,364,256,0,0,620,620,0
pred_lt4_1_neon.s.obj,lib\libaudio_core.a,196,0,0,0,196,196,0
preemph.c.obj,lib\libaudio_core.a,168,0,0,0,168,168,0
preemph.cpp.obj,lib\libaudio_core.a,148,0,0,0,148,148,0
preemph_amrwb_dec.cpp.obj,lib\libaudio_core.a,86,0,0,0,86,86,0
prm2bits.cpp.obj,lib\libaudio_core.a,78,0,0,0,78,78,0
pstfilt.cpp.obj,lib\libaudio_core.a,506,80,0,0,586,586,0
pvamrwb_math_op.cpp.obj,lib\libaudio_core.a,834,230,0,0,1064,1064,0
pvamrwbdecoder.cpp.obj,lib\libaudio_core.a,3702,92,0,0,3794,3794,0
q_gain2.c.obj,lib\libaudio_core.a,1094,768,0,0,1862,1862,0
q_gain2_tab.cpp.obj,lib\libaudio_core.a,0,768,0,0,768,768,0
q_gain_c.cpp.obj,lib\libaudio_core.a,210,0,0,0,210,210,0
q_gain_p.cpp.obj,lib\libaudio_core.a,208,0,0,0,208,208,0
q_plsf.cpp.obj,lib\libaudio_core.a,84,0,0,0,84,84,0
q_plsf_3.cpp.obj,lib\libaudio_core.a,852,0,0,0,852,852,0
q_plsf_3_tbl.cpp.obj,lib\libaudio_core.a,0,13000,0,0,13000,13000,0
q_plsf_5.cpp.obj,lib\libaudio_core.a,940,0,0,0,940,940,0
q_plsf_5_tbl.cpp.obj,lib\libaudio_core.a,0,7700,0,0,7700,7700,0
q_pulse.c.obj,lib\libaudio_core.a,1592,0,0,0,1592,1592,0
qgain475.cpp.obj,lib\libaudio_core.a,1242,2048,0,0,3290,3290,0
qgain475_tab.cpp.obj,lib\libaudio_core.a,0,2048,0,0,2048,2048,0
qgain795.cpp.obj,lib\libaudio_core.a,2062,0,0,0,2062,2062,0
qisf_ns.c.obj,lib\libaudio_core.a,448,1568,0,0,2016,2016,0
qisf_ns.cpp.obj,lib\libaudio_core.a,200,0,0,0,200,200,0
qisf_ns_tab.cpp.obj,lib\libaudio_core.a,0,1568,0,0,1568,1568,0
qpisf_2s.c.obj,lib\libaudio_core.a,2084,13792,0,0,15876,15876,0
qpisf_2s.cpp.obj,lib\libaudio_core.a,1184,0,0,0,1184,1184,0
qpisf_2s_tab.cpp.obj,lib\libaudio_core.a,0,13792,0,0,13792,13792,0
qua_gain.cpp.obj,lib\libaudio_core.a,776,0,0,0,776,776,0
qua_gain_tbl.cpp.obj,lib\libaudio_core.a,0,1536,0,0,1536,1536,0
random.c.obj,lib\libaudio_core.a,50,0,0,0,50,50,0
reorder.cpp.obj,lib\libaudio_core.a,36,0,0,0,36,36,0
residu.cpp.obj,lib\libaudio_core.a,216,0,0,0,216,216,0
residu_asm_neon.s.obj,lib\libaudio_core.a,264,0,0,0,264,264,0
round.cpp.obj,lib\libaudio_core.a,36,0,0,0,36,36,0
s10_8pf.cpp.obj,lib\libaudio_core.a,1628,0,0,0,1628,1628,0
sbc.c.obj,lib\libaudio_core.a,6436,1568,0,0,8004,8004,0
scale.c.obj,lib\libaudio_core.a,132,0,0,0,132,132,0
scale_sig_neon.s.obj,lib\libaudio_core.a,356,0,0,0,356,356,0
scale_signal.cpp.obj,lib\libaudio_core.a,148,0,0,0,148,148,0
set_sign.cpp.obj,lib\libaudio_core.a,570,0,0,0,570,570,0
shr.cpp.obj,lib\libaudio_core.a,68,0,0,0,68,68,0
shr_r.cpp.obj,lib\libaudio_core.a,38,0,0,0,38,38,0
sid_sync.cpp.obj,lib\libaudio_core.a,142,0,0,0,142,142,0
sp_dec.cpp.obj,lib\libaudio_core.a,332,0,0,0,332,332,0
sp_enc.cpp.obj,lib\libaudio_core.a,246,0,0,0,246,246,0
spreproc.cpp.obj,lib\libaudio_core.a,152,0,0,0,152,152,0
spstproc.cpp.obj,lib\libaudio_core.a,264,0,0,0,264,264,0
sqrt_l.cpp.obj,lib\libaudio_core.a,144,0,0,0,144,144,0
sqrt_l_tbl.cpp.obj,lib\libaudio_core.a,0,100,0,0,100,100,0
stream.c.obj,lib\libaudio_core.a,84,0,0,0,84,84,0
sub.cpp.obj,lib\libaudio_core.a,40,0,0,0,40,40,0
syn_filt.c.obj,lib\libaudio_core.a,428,0,0,0,428,428,0
syn_filt.cpp.obj,lib\libaudio_core.a,512,0,0,0,512,512,0
Syn_filt_32_neon.s.obj,lib\libaudio_core.a,244,0,0,0,244,244,0
syn_filt_neon.s.obj,lib\libaudio_core.a,188,0,0,0,188,188,0
synthesis_amr_wb.cpp.obj,lib\libaudio_core.a,1192,32,0,0,1224,1224,0
ton_stab.cpp.obj,lib\libaudio_core.a,278,0,0,0,278,278,0
updt_tar.c.obj,lib\libaudio_core.a,68,0,0,0,68,68,0
util.c.obj,lib\libaudio_core.a,74,0,0,0,74,74,0
vad1.cpp.obj,lib\libaudio_core.a,3242,0,0,0,3242,3242,0
voAMRWBEnc.c.obj,lib\libaudio_core.a,7252,124,0,0,7376,7376,0
voice_factor.cpp.obj,lib\libaudio_core.a,350,0,0,0,350,350,0
voicefac.c.obj,lib\libaudio_core.a,316,0,0,0,316,316,0
wb_syn_filt.cpp.obj,lib\libaudio_core.a,984,0,0,0,984,984,0
wb_vad.c.obj,lib\libaudio_core.a,2452,0,0,0,2452,2452,0
weight_a.c.obj,lib\libaudio_core.a,80,0,0,0,80,80,0
weight_a.cpp.obj,lib\libaudio_core.a,42,0,0,0,42,42,0
weight_amrwb_lpc.cpp.obj,lib\libaudio_core.a,58,0,0,0,58,58,0
window_tab.cpp.obj,lib\libaudio_core.a,0,1440,0,0,1440,1440,0
wmf_to_ets.cpp.obj,lib\libaudio_core.a,108,0,0,0,108,108,0
wrapper.c.obj,lib\libaudio_core.a,208,0,0,0,208,208,0
wrapper.cpp.obj,lib\libaudio_core.a,480,8,0,0,488,488,0
block_device.c.obj,lib\libbdev.a,44,0,0,0,44,44,0
partition_block_device.c.obj,lib\libbdev.a,184,0,0,0,184,184,0
tflash_block_device.c.obj,lib\libbdev.a,470,0,0,0,470,470,0
flash_block_device_v2.c.obj,lib\libbdev_core.a,2878,20,0,0,2898,2898,0
a2dp.c.obj,lib\libblueu_core.a,4710,859,0,99,5569,5569,99
a2dp_if.c.obj,lib\libblueu_core.a,342,77,0,4,419,419,4
algo_utils.c.obj,lib\libblueu_core.a,30,0,0,0,30,30,0
allocator.c.obj,lib\libblueu_core.a,48,0,4,0,48,52,4
ap_mgr.c.obj,lib\libblueu_core.a,196,0,0,8,196,196,8
att.c.obj,lib\libblueu_core.a,4944,1857,0,0,6801,6801,0
att_client.c.obj,lib\libblueu_core.a,5060,1343,0,16,6403,6403,16
att_server.c.obj,lib\libblueu_core.a,6612,2111,0,24,8723,8723,24
avdtp_callbacks.c.obj,lib\libblueu_core.a,1092,0,0,4,1092,1092,4
avdtp_core.c.obj,lib\libblueu_core.a,2720,330,16,36,3050,3066,52
avdtp_handle_req.c.obj,lib\libblueu_core.a,2032,341,0,12,2373,2373,12
avdtp_handle_res.c.obj,lib\libblueu_core.a,1120,0,0,0,1120,1120,0
avdtp_send_req.c.obj,lib\libblueu_core.a,1926,43,0,1,1969,1969,1
avdtp_send_res.c.obj,lib\libblueu_core.a,292,0,0,0,292,292,0
avrcp.c.obj,lib\libblueu_core.a,3030,445,0,12,3475,3475,12
avrcp_ccb.c.obj,lib\libblueu_core.a,412,0,0,8,412,412,8
avrcp_core.c.obj,lib\libblueu_core.a,4098,444,38,29,4542,4580,67
avrcp_if.c.obj,lib\libblueu_core.a,776,305,0,4,1081,1081,4
avrcp_l2c.c.obj,lib\libblueu_core.a,1100,88,0,0,1188,1188,0
avrcp_main.c.obj,lib\libblueu_core.a,232,0,0,0,232,232,0
ble_npi_cmd.c.obj,lib\libblueu_core.a,5896,1841,311,61,7737,8048,372
bluetooth.c.obj,lib\libblueu_core.a,1488,222,0,36,1710,1710,36
bt_manager.c.obj,lib\libblueu_core.a,2182,239,0,20,2421,2421,20
bt_npi_cmd.c.obj,lib\libblueu_core.a,5056,2575,311,61,7631,7942,372
bt_vendor.c.obj,lib\libblueu_core.a,724,442,0,8,1166,1166,8
bt_version.c.obj,lib\libblueu_core.a,0,42,12,0,42,54,12
btu_main.c.obj,lib\libblueu_core.a,3166,186,4,41,3352,3356,45
btu_modules.c.obj,lib\libblueu_core.a,1000,297,0,296,1297,1297,296
btu_storage.c.obj,lib\libblueu_core.a,156,0,0,296,156,156,296
btu_vendor.c.obj,lib\libblueu_core.a,488,105,0,4,593,593,4
crypto_if.c.obj,lib\libblueu_core.a,298,32,0,32,330,330,32
fixed_queue.c.obj,lib\libblueu_core.a,356,0,0,0,356,356,0
gatt.c.obj,lib\libblueu_core.a,2700,1366,80,24,4066,4146,104
gatt_act.c.obj,lib\libblueu_core.a,200,0,0,10,200,200,10
gatt_if.c.obj,lib\libblueu_core.a,10396,5578,31,410,15974,16005,441
hci.c.obj,lib\libblueu_core.a,2364,81,0,0,2445,2445,0
hci_bufalloc.c.obj,lib\libblueu_core.a,102,0,0,0,102,102,0
hci_encoder.c.obj,lib\libblueu_core.a,656,868,0,0,1524,1524,0
hci_transport.c.obj,lib\libblueu_core.a,3430,655,0,176,4085,4085,176
hfp.c.obj,lib\libblueu_core.a,1682,94,0,22,1776,1776,22
hfp_at.c.obj,lib\libblueu_core.a,780,212,0,0,992,992,0
hfp_core.c.obj,lib\libblueu_core.a,4166,454,32,37,4620,4652,69
hfp_hs.c.obj,lib\libblueu_core.a,4872,637,226,45,5509,5735,271
hfp_if.c.obj,lib\libblueu_core.a,1384,96,0,88,1480,1480,88
host_buf.c.obj,lib\libblueu_core.a,46,0,0,0,46,46,0
host_ll.c.obj,lib\libblueu_core.a,252,0,0,0,252,252,0
host_msg.c.obj,lib\libblueu_core.a,256,75,0,32,331,331,32
host_timer.c.obj,lib\libblueu_core.a,860,66,0,17,926,926,17
l2_acl_link.c.obj,lib\libblueu_core.a,544,0,0,17,544,544,17
l2_bufalloc.c.obj,lib\libblueu_core.a,76,0,0,0,76,76,0
l2_channel.c.obj,lib\libblueu_core.a,1446,113,0,22,1559,1559,22
l2_config_helper.c.obj,lib\libblueu_core.a,1224,0,0,8,1224,1224,8
l2_config_sm.c.obj,lib\libblueu_core.a,682,0,0,0,682,682,0
l2_connect_sm.c.obj,lib\libblueu_core.a,3896,143,0,2,4039,4039,2
l2_enc_dec.c.obj,lib\libblueu_core.a,2546,0,1,10,2546,2547,11
l2_pkt_handler.c.obj,lib\libblueu_core.a,176,0,0,0,176,176,0
l2_psm.c.obj,lib\libblueu_core.a,138,0,0,0,138,138,0
l2_sar.c.obj,lib\libblueu_core.a,1308,380,0,0,1688,1688,0
l2_utils.c.obj,lib\libblueu_core.a,486,0,0,7,486,486,7
l2cap_primitives.c.obj,lib\libblueu_core.a,64,0,0,0,64,64,0
list.c.obj,lib\libblueu_core.a,262,0,0,0,262,262,0
log.c.obj,lib\libblueu_core.a,6,0,0,200,6,6,200
mgr_core.c.obj,lib\libblueu_core.a,2600,280,0,172,2880,2880,172
mgr_devdb.c.obj,lib\libblueu_core.a,632,0,0,12,632,632,12
mgr_inqdb.c.obj,lib\libblueu_core.a,1380,0,0,23,1380,1380,23
mgr_le_link.c.obj,lib\libblueu_core.a,5688,2626,0,16,8314,8314,16
mgr_le_scandb.c.obj,lib\libblueu_core.a,236,180,0,10,416,416,10
mgr_link.c.obj,lib\libblueu_core.a,5426,281,1,29,5707,5708,30
mgr_secdb.c.obj,lib\libblueu_core.a,3698,274,3,24,3972,3975,27
mgr_utils.c.obj,lib\libblueu_core.a,46,168,0,0,214,214,0
mutex.c.obj,lib\libblueu_core.a,74,0,0,0,74,74,0
npi_if.c.obj,lib\libblueu_core.a,3112,1348,4,70,4460,4464,74
osi.c.obj,lib\libblueu_core.a,10,0,0,0,10,10,0
p_256_curvepara.c.obj,lib\libblueu_core.a,488,0,0,0,488,488,0
p_256_ecc_pp.c.obj,lib\libblueu_core.a,986,0,0,456,986,986,456
p_256_multprecision.c.obj,lib\libblueu_core.a,2502,0,0,0,2502,2502,0
pts_if.c.obj,lib\libblueu_core.a,882,52,543,12,934,1477,555
rfcomm_bufalloc.c.obj,lib\libblueu_core.a,76,0,0,0,76,76,0
rfcomm_core.c.obj,lib\libblueu_core.a,1036,0,4,32,1036,1040,36
rfcomm_credit.c.obj,lib\libblueu_core.a,98,0,0,0,98,98,0
rfcomm_ctrl_chan.c.obj,lib\libblueu_core.a,1754,0,0,0,1754,1754,0
rfcomm_ctrl_frames.c.obj,lib\libblueu_core.a,494,0,0,0,494,494,0
rfcomm_dlc_state.c.obj,lib\libblueu_core.a,2382,0,24,0,2382,2406,24
rfcomm_entity_core.c.obj,lib\libblueu_core.a,852,0,0,12,852,852,12
rfcomm_frames.c.obj,lib\libblueu_core.a,586,256,0,0,842,842,0
rfcomm_l2auto_state.c.obj,lib\libblueu_core.a,910,0,16,2,910,926,18
rfcomm_l2cap.c.obj,lib\libblueu_core.a,562,0,0,0,562,562,0
rfcomm_ue_api.c.obj,lib\libblueu_core.a,1644,0,0,0,1644,1644,0
sdp_callbacks.c.obj,lib\libblueu_core.a,462,0,0,7,462,462,7
sdp_db.c.obj,lib\libblueu_core.a,672,176,36,1,848,884,37
sdp_if.c.obj,lib\libblueu_core.a,664,145,0,4,809,809,4
sdp_le_common.c.obj,lib\libblueu_core.a,166,0,0,0,166,166,0
sdp_le_request_decoder.c.obj,lib\libblueu_core.a,2380,93,0,0,2473,2473,0
sdp_le_request_encoder.c.obj,lib\libblueu_core.a,482,0,0,0,482,482,0
sdp_le_response_decoder.c.obj,lib\libblueu_core.a,476,0,0,0,476,476,0
sdp_le_response_encoder.c.obj,lib\libblueu_core.a,990,0,0,48,990,990,48
sdp_server.c.obj,lib\libblueu_core.a,240,40,0,5,280,280,5
sdp_state_machine.c.obj,lib\libblueu_core.a,984,73,0,7,1057,1057,7
sdp_ue.c.obj,lib\libblueu_core.a,1932,0,0,4,1932,1932,4
semaphore.c.obj,lib\libblueu_core.a,118,0,0,0,118,118,0
smp_core.c.obj,lib\libblueu_core.a,14438,4870,0,24,19308,19308,24
smp_le_encryption.c.obj,lib\libblueu_core.a,1912,0,32,266,1912,1944,298
smp_rand_gen.c.obj,lib\libblueu_core.a,108,0,0,4,108,108,4
spp.c.obj,lib\libblueu_core.a,3124,472,4,25,3596,3600,29
spp_core.c.obj,lib\libblueu_core.a,976,421,0,0,1397,1397,0
spp_if.c.obj,lib\libblueu_core.a,214,24,0,4,238,238,4
stack_ent.c.obj,lib\libblueu_core.a,2086,0,0,4,2086,2086,4
stack_ent_api.c.obj,lib\libblueu_core.a,878,0,0,0,878,878,0
thread.c.obj,lib\libblueu_core.a,340,173,0,88,513,513,88
timer.c.obj,lib\libblueu_core.a,518,248,0,8,766,766,8
uws_commands.c.obj,lib\libblueu_core.a,44,0,0,11,44,44,11
uws_core.c.obj,lib\libblueu_core.a,26,0,0,46,26,26,46
uws_if.c.obj,lib\libblueu_core.a,170,30,0,4,200,200,4
quec_boot_pin_map.c.obj,lib\libboot_ex_ql_pin.a,0,1,152,1,1,153,153
quec_boot_pin_power_domain.c.obj,lib\libboot_ex_spi6nor.a,240,29,0,0,269,269,0
quec_spi6_ext_norflash_cfg.c.obj,lib\libboot_ex_spi6nor.a,904,279,114,30,1183,1297,144
bt_abs.c.obj,lib\libbt_app.a,1616,50,0,32,1666,1666,32
bt_app.c.obj,lib\libbt_app.a,2190,1270,32,2858,3460,3492,2890
bt_chip.c.obj,lib\libbt_app.a,3070,460,4,24,3530,3534,28
bt_driver.c.obj,lib\libbt_app.a,210,89,0,4,299,299,4
bt_hci_dev.c.obj,lib\libbt_app.a,296,80,0,12,376,376,12
bt_hci_tra.c.obj,lib\libbt_app.a,156,22,0,706,178,178,706
ddb.c.obj,lib\libbt_app.a,1274,438,0,3890,1712,1712,3890
fw.bin.S.obj,lib\libbt_app.a,232628,0,0,0,232628,232628,0
uart.c.obj,lib\libbt_app.a,1042,419,0,2097,1461,1461,2097
bt_nv.c.obj,lib\libbt_nv.a,64,0,0,0,64,64,0
cmux_fcs.c.obj,lib\libcalclib.a,72,256,0,0,328,328,0
crc32.c.obj,lib\libcalclib.a,296,1280,0,0,1576,1576,0
decompress_unlzma.c.obj,lib\libcalclib.a,2224,79,0,0,2303,2303,0
decompress_unlzma_file.c.obj,lib\libcalclib.a,116,0,0,0,116,116,0
cfw_chset.c.obj,lib\libcfw.a,592,0,0,0,592,592,0
cfw_dispatch.c.obj,lib\libcfw.a,752,0,0,4,752,752,4
cfw_event_names.c.obj,lib\libcfw.a,20,8906,0,0,8926,8926,0
cfw_rpc_ap.c.obj,lib\libcfw_core.a,20818,0,0,4,20818,20818,4
cfw_sms_db.c.obj,lib\libcfw_core.a,1496,345,4,0,1841,1845,4
sms_dm_local.c.obj,lib\libcfw_core.a,30,0,0,0,30,30,0
sms_dm_nv.c.obj,lib\libcfw_core.a,1140,14,0,37214,1154,1154,37214
diag.c.obj,lib\libdiag.a,802,15,0,4,817,817,4
diag_at.c.obj,lib\libdiag.a,232,58,0,0,290,290,0
diag_charge.c.obj,lib\libdiag.a,148,0,0,0,148,148,0
diag_current_test.c.obj,lib\libdiag.a,120,21,0,4,141,141,4
diag_log.c.obj,lib\libdiag.a,44,0,0,0,44,44,0
diag_nvm.c.obj,lib\libdiag.a,838,71,0,516,909,909,516
diag_ps.c.obj,lib\libdiag.a,176,32,0,0,208,208,0
diag_runmode.c.obj,lib\libdiag.a,420,52,0,0,472,472,0
diag_swver.c.obj,lib\libdiag.a,160,182,0,0,342,342,0
diag_sys.c.obj,lib\libdiag.a,432,112,0,0,544,544,0
layer1_diag.c.obj,lib\libdiag.a,396,50,0,0,446,446,0
camera_bf20a6.c.obj,lib\libdriver.a,1970,303,120,1,2273,2393,121
camera_bf30a2.c.obj,lib\libdriver.a,1966,239,120,1,2205,2325,121
drv_adc.c.obj,lib\libdriver.a,1770,210,30,4,1980,2010,34
drv_aes.c.obj,lib\libdriver.a,944,779,0,0,1723,1723,0
drv_axidma.c.obj,lib\libdriver.a,878,16,0,156,894,894,156
drv_camera.c.obj,lib\libdriver.a,1218,0,0,12,1218,1218,12
drv_debug_dma_uart.c.obj,lib\libdriver.a,1290,68,0,0,1358,1358,0
drv_debug_port.c.obj,lib\libdriver.a,138,10,0,4,148,148,4
drv_debug_userial.c.obj,lib\libdriver.a,2826,124,448,0,2950,3398,448
drv_debughost.c.obj,lib\libdriver.a,1502,36,0,604,1538,1538,604
drv_dma_uart.c.obj,lib\libdriver.a,4178,554,8,1,4732,4740,9
drv_efuse.c.obj,lib\libdriver.a,530,87,0,1596,617,617,1596
drv_efuse_pmic.c.obj,lib\libdriver.a,276,60,0,0,336,336,0
drv_gpio_8910.c.obj,lib\libdriver.a,840,16,0,156,856,856,156
drv_host_cmd.c.obj,lib\libdriver.a,624,0,0,0,624,624,0
drv_host_cmd_rw.c.obj,lib\libdriver.a,700,0,0,0,700,700,0
drv_host_cmd_sys.c.obj,lib\libdriver.a,1450,0,0,0,1450,1450,0
drv_i2c.c.obj,lib\libdriver.a,1674,648,0,84,2322,2322,84
drv_ifc.c.obj,lib\libdriver.a,510,176,24,5,686,710,29
drv_ipc_at.c.obj,lib\libdriver.a,388,230,28,0,618,646,28
drv_keypad.c.obj,lib\libdriver.a,578,29,0,12,607,607,12
drv_lcd.c.obj,lib\libdriver.a,1736,543,12,200,2279,2291,212
drv_lcd_st7789v.c.obj,lib\libdriver.a,1452,395,32,0,1847,1879,32
drv_md_nvm.c.obj,lib\libdriver.a,780,458,0,20,1238,1238,20
drv_modem_log_buf.c.obj,lib\libdriver.a,246,27,0,0,273,273,0
drv_pmic_codec.c.obj,lib\libdriver.a,4,0,0,0,4,4,0
drv_pmic_intr.c.obj,lib\libdriver.a,700,58,0,292,758,758,292
drv_powerkey_8910.c.obj,lib\libdriver.a,286,18,0,4,304,304,4
drv_pwm.c.obj,lib\libdriver.a,816,16,88,4,832,920,92
drv_rng.c.obj,lib\libdriver.a,376,76,8,0,452,460,8
drv_rtc.c.obj,lib\libdriver.a,2826,114,0,72,2940,2940,72
drv_rtc.pb.c.obj,lib\libdriver.a,0,120,0,0,120,120,0
drv_rtc_2720.c.obj,lib\libdriver.a,660,104,0,0,764,764,0
drv_sdmmc.c.obj,lib\libdriver.a,3600,533,0,0,4133,4133,0
drv_secure.c.obj,lib\libdriver.a,914,16,0,8,930,930,8
drv_serial.c.obj,lib\libdriver.a,658,176,4,360,834,838,364
drv_spi.c.obj,lib\libdriver.a,2746,138,0,785,2884,2884,785
drv_usb.cpp.obj,lib\libdriver.a,1934,145,0,10,2079,2079,10
drv_wcn.c.obj,lib\libdriver.a,968,23,0,4,991,991,4
drv_wcn_wifi.c.obj,lib\libdriver.a,958,42,0,0,1000,1000,0
drv_wdt.c.obj,lib\libdriver.a,406,14,0,16,420,420,16
ecm_data.c.obj,lib\libdriver.a,602,127,0,0,729,729,0
f_acm.c.obj,lib\libdriver.a,1508,365,8,0,1873,1881,8
f_ecm.c.obj,lib\libdriver.a,1552,371,119,0,1923,2042,119
f_rndis.c.obj,lib\libdriver.a,1872,638,98,0,2510,2608,98
f_serial.c.obj,lib\libdriver.a,360,45,8,0,405,413,8
rndis.c.obj,lib\libdriver.a,1644,409,0,0,2053,2053,0
rndis_data.c.obj,lib\libdriver.a,838,217,0,0,1055,1055,0
udc.c.obj,lib\libdriver.a,322,46,0,512,368,368,512
udc_dwc.c.obj,lib\libdriver.a,6730,957,0,1256,7687,7687,1256
udc_platform_8910.c.obj,lib\libdriver.a,750,0,0,0,750,750,0
usb_composite_device.c.obj,lib\libdriver.a,2306,548,24,0,2854,2878,24
usb_ether.c.obj,lib\libdriver.a,2782,405,0,0,3187,3187,0
usb_serial.c.obj,lib\libdriver.a,3358,375,0,0,3733,3733,0
camera_gc0310.c.obj,lib\libdriver_camera.a,2874,1894,120,4,4768,4888,124
camera_gc032a.c.obj,lib\libdriver_camera.a,1938,689,120,1,2627,2747,121
image_sensor.c.obj,lib\libdriver_camera.a,896,42,17,84,938,955,101
drv_charger.c.obj,lib\libdriver_charge.a,3572,1338,46,260,4910,4956,306
drv_ipc_fifo.c.obj,lib\libdriver_core.a,364,0,0,0,364,364,0
drv_md_ipc.c.obj,lib\libdriver_core.a,4616,47,0,12,4663,4663,12
drv_ps_path_md.c.obj,lib\libdriver_core.a,1502,6,0,4528,1508,1508,4528
drv_wcn_ipc.c.obj,lib\libdriver_core.a,704,38,8,16,742,750,24
drv_lcd_cfg.c.obj,lib\libdriver_lcd.a,220,173,18,0,393,411,18
drv_lcd_gc9305.c.obj,lib\libdriver_lcd.a,1884,471,32,3,2355,2387,35
drv_lcd_st7567a.c.obj,lib\libdriver_lcd.a,684,447,0,0,1131,1131,0
drv_lcd_st7735s.c.obj,lib\libdriver_lcd.a,1548,404,32,0,1952,1984,32
fatfs_portable.c.obj,lib\libfatfs.a,620,686,0,16,1306,1306,16
fatfs_vfs.c.obj,lib\libfatfs.a,3646,330,116,0,3976,4092,116
ff.c.obj,lib\libfatfs_core.a,11464,410,0,18,11874,11874,18
sffs_vfs.c.obj,lib\libfs.a,1026,371,0,0,1397,1397,0
vfs.c.obj,lib\libfs.a,3882,18,192,136,3900,4092,328
partinfo.bin.S.obj,lib\libfs_partinfo.a,352,0,0,0,352,352,0
ql_fs_part_info.c.obj,lib\libfs_partinfo.a,16,0,0,0,16,16,0
fs_mount.c.obj,lib\libfsmount.a,1272,38,1,8,1310,1311,9
fupdate_app.c.obj,lib\libfupdate_core.a,770,0,0,0,770,770,0
fupdate_common.c.obj,lib\libfupdate_core.a,1062,48,12,0,1110,1122,12
hal_adi_bus.c.obj,lib\libhal.a,418,20,0,0,438,438,0
hal_aes.c.obj,lib\libhal.a,112,0,0,0,112,112,0
hal_blue_screen.c.obj,lib\libhal.a,1490,194,12,300,1684,1696,312
hal_clock_init.c.obj,lib\libhal.a,1812,8,0,0,1820,1820,0
hal_cp_ctrl.c.obj,lib\libhal.a,888,252,0,0,1140,1140,0
hal_efuse_8910.c.obj,lib\libhal.a,468,0,0,0,468,468,0
hal_gouda.c.obj,lib\libhal.a,2084,60,5,27,2144,2149,32
hal_hw_map.c.obj,lib\libhal.a,52,1552,0,0,1604,1604,0
hal_hwspinlock.c.obj,lib\libhal.a,144,0,0,0,144,144,0
hal_iomux.c.obj,lib\libhal.a,862,2360,0,376,3222,3222,376
hal_lzma.c.obj,lib\libhal.a,496,0,0,0,496,496,0
hal_mmu.c.obj,lib\libhal.a,652,32,0,0,684,684,0
hal_pmu_8910.c.obj,lib\libhal.a,3496,446,0,1,3942,3942,1
hal_shmem_region.c.obj,lib\libhal.a,1036,294,0,8,1330,1330,8
hal_wdt_8910.c.obj,lib\libhal.a,88,0,0,0,88,88,0
ql_hal_spi_flash_prop.c.obj,lib\libhal_prop.a,52,0,448,0,52,500,448
list.c.obj,lib\libkernel.a,136,0,0,0,136,136,0
osi_boot_8910.c.obj,lib\libkernel.a,2716,34,0,9024,2750,2750,9024
osi_clock.c.obj,lib\libkernel.a,584,0,0,20,584,584,20
osi_cxxabi.cpp.obj,lib\libkernel.a,44,0,0,0,44,44,0
osi_freertos.c.obj,lib\libkernel.a,2482,193,0,15156,2675,2675,15156
osi_idle.c.obj,lib\libkernel.a,8,0,0,0,8,8,0
osi_sleep.c.obj,lib\libkernel.a,2258,180,0,48,2438,2438,48
osi_sysnv.c.obj,lib\libkernel.a,656,16,14,16,672,686,30
osi_sysnv.pb.c.obj,lib\libkernel.a,0,130,0,0,130,130,0
osi_time.c.obj,lib\libkernel.a,1072,12,0,24,1084,1084,24
queue.c.obj,lib\libkernel.a,1800,0,0,0,1800,1800,0
tasks.c.obj,lib\libkernel.a,3870,5,0,1276,3875,3875,1276
timers.c.obj,lib\libkernel.a,792,8,0,220,800,800,220
auth.c.obj,lib\liblwip.a,396,61,0,0,457,457,0
def.c.obj,lib\liblwip.a,62,0,0,0,62,62,0
dhcp.c.obj,lib\liblwip.a,4772,1078,0,11,5850,5850,11
dns.c.obj,lib\liblwip.a,5690,553,0,1587,6243,6243,1587
err.c.obj,lib\liblwip.a,28,68,0,0,96,96,0
etharp.c.obj,lib\liblwip.a,2032,329,0,242,2361,2361,242
ethernet.c.obj,lib\liblwip.a,744,108,0,0,852,852,0
icmp.c.obj,lib\liblwip.a,788,194,0,0,982,982,0
icmp6.c.obj,lib\liblwip.a,730,170,0,0,900,900,0
if_api.c.obj,lib\liblwip.a,4,0,0,0,4,4,0
inet_chksum.c.obj,lib\liblwip.a,432,0,0,0,432,432,0
init.c.obj,lib\liblwip.a,42,0,0,0,42,42,0
ip.c.obj,lib\liblwip.a,144,24,0,68,168,168,68
ip4.c.obj,lib\liblwip.a,1492,144,0,6,1636,1636,6
ip4_addr.c.obj,lib\liblwip.a,606,99,0,16,705,705,16
ip4_frag.c.obj,lib\liblwip.a,2304,448,0,7,2752,2752,7
ip4_nat.c.obj,lib\liblwip.a,3666,164,0,51720,3830,3830,51720
ip6.c.obj,lib\liblwip.a,3282,92,0,0,3374,3374,0
ip6_addr.c.obj,lib\liblwip.a,594,24,0,40,618,618,40
ip6_frag.c.obj,lib\liblwip.a,2608,250,0,11,2858,2858,11
ipcp.c.obj,lib\liblwip.a,4668,552,0,0,5220,5220,0
ipv6cp.c.obj,lib\liblwip.a,2344,346,0,26,2690,2690,26
lcp.c.obj,lib\liblwip.a,6264,968,0,0,7232,7232,0
magic.c.obj,lib\liblwip.a,44,0,0,4,44,44,4
mem.c.obj,lib\liblwip.a,140,114,0,0,254,254,0
memp.c.obj,lib\liblwip.a,388,561,0,0,949,949,0
mld6.c.obj,lib\liblwip.a,1368,0,0,1,1368,1368,1
nd6.c.obj,lib\liblwip.a,6824,91,8,1539,6915,6923,1547
netdb.c.obj,lib\liblwip.a,756,0,0,317,756,756,317
netif.c.obj,lib\liblwip.a,2566,316,0,285,2882,2882,285
pbuf.c.obj,lib\liblwip.a,2612,890,0,1,3502,3502,1
ppp-fsm.c.obj,lib\liblwip.a,3136,358,0,4,3494,3494,4
ppp-utils.c.obj,lib\liblwip.a,1908,102,0,0,2010,2010,0
ppp.c.obj,lib\liblwip.a,1724,4543,0,0,6267,6267,0
pppapi.c.obj,lib\liblwip.a,0,19,0,0,19,19,0
pppos.c.obj,lib\liblwip.a,1848,562,0,0,2410,2410,0
raw.c.obj,lib\liblwip.a,1978,234,0,4,2212,2212,4
sockets.c.obj,lib\liblwip.a,21590,3357,12,304,24947,24959,316
tcp.c.obj,lib\liblwip.a,8738,1564,6,27,10302,10308,33
tcp_in.c.obj,lib\liblwip.a,8456,903,0,58,9359,9359,58
tcp_out.c.obj,lib\liblwip.a,6108,1192,0,0,7300,7300,0
tcpip.c.obj,lib\liblwip.a,442,105,0,8,547,547,8
timeouts.c.obj,lib\liblwip.a,192,209,0,4,401,401,4
udp.c.obj,lib\liblwip.a,3492,192,2,4,3684,3686,6
mal_cfw.c.obj,lib\libmal.a,304,0,0,0,304,304,0
mal_engine.c.obj,lib\libmal.a,312,57,0,4,369,369,4
arc4.c.obj,lib\libmbedtls.a,158,0,0,0,158,158,0
asn1parse.c.obj,lib\libmbedtls.a,968,0,0,0,968,968,0
asn1write.c.obj,lib\libmbedtls.a,606,0,0,0,606,606,0
base64.c.obj,lib\libmbedtls.a,580,0,0,0,580,580,0
bignum.c.obj,lib\libmbedtls.a,8750,672,0,0,9422,9422,0
blowfish.c.obj,lib\libmbedtls.a,898,4168,0,0,5066,5066,0
camellia.c.obj,lib\libmbedtls.a,2134,1304,0,0,3438,3438,0
ccm.c.obj,lib\libmbedtls.a,1040,0,0,0,1040,1040,0
chacha20.c.obj,lib\libmbedtls.a,1116,0,0,0,1116,1116,0
chachapoly.c.obj,lib\libmbedtls.a,800,0,0,0,800,800,0
cipher.c.obj,lib\libmbedtls.a,2226,0,0,0,2226,2226,0
cipher_wrap.c.obj,lib\libmbedtls.a,770,3348,0,0,4118,4118,0
constant_time.c.obj,lib\libmbedtls.a,1468,0,0,0,1468,1468,0
ctr_drbg.c.obj,lib\libmbedtls.a,1078,0,0,0,1078,1078,0
des.c.obj,lib\libmbedtls.a,3244,2176,0,0,5420,5420,0
dhm.c.obj,lib\libmbedtls.a,1376,0,0,0,1376,1376,0
ecdh.c.obj,lib\libmbedtls.a,814,0,0,0,814,814,0
ecdsa.c.obj,lib\libmbedtls.a,1558,17,0,0,1575,1575,0
ecp.c.obj,lib\libmbedtls.a,7004,1080,0,30,8084,8084,30
ecp_curves.c.obj,lib\libmbedtls.a,5794,2276,28,0,8070,8098,28
entropy.c.obj,lib\libmbedtls.a,658,0,0,0,658,658,0
entropy_poll.c.obj,lib\libmbedtls.a,70,0,0,0,70,70,0
error.c.obj,lib\libmbedtls.a,4016,12082,0,0,16098,16098,0
gcm.c.obj,lib\libmbedtls.a,1848,128,0,0,1976,1976,0
havege.c.obj,lib\libmbedtls.a,3838,0,0,0,3838,3838,0
hmac_drbg.c.obj,lib\libmbedtls.a,712,0,0,0,712,712,0
mbed_aes.c.obj,lib\libmbedtls.a,4282,0,0,8748,4282,4282,8748
mbed_debug.c.obj,lib\libmbedtls.a,1382,186,0,4,1568,1568,4
mbed_sha256.c.obj,lib\libmbedtls.a,2424,256,0,0,2680,2680,0
md.c.obj,lib\libmbedtls.a,1104,126,0,0,1230,1230,0
md5.c.obj,lib\libmbedtls.a,2738,0,0,0,2738,2738,0
net_sockets.c.obj,lib\libmbedtls.a,1424,0,0,0,1424,1424,0
oid.c.obj,lib\libmbedtls.a,898,5056,0,0,5954,5954,0
pem.c.obj,lib\libmbedtls.a,1374,150,0,0,1524,1524,0
pk.c.obj,lib\libmbedtls.a,730,27,0,0,757,757,0
pk_wrap.c.obj,lib\libmbedtls.a,684,236,0,0,920,920,0
pkcs12.c.obj,lib\libmbedtls.a,1148,0,0,0,1148,1148,0
pkcs5.c.obj,lib\libmbedtls.a,774,10,0,0,784,784,0
pkparse.c.obj,lib\libmbedtls.a,3426,291,0,0,3717,3717,0
pkwrite.c.obj,lib\libmbedtls.a,528,0,0,0,528,528,0
platform.c.obj,lib\libmbedtls.a,56,0,8,0,56,64,8
platform_util.c.obj,lib\libmbedtls.a,44,0,4,0,44,48,4
poly1305.c.obj,lib\libmbedtls.a,1524,0,0,0,1524,1524,0
ripemd160.c.obj,lib\libmbedtls.a,5412,64,0,0,5476,5476,0
rsa.c.obj,lib\libmbedtls.a,6796,0,0,0,6796,6796,0
rsa_internal.c.obj,lib\libmbedtls.a,1500,54,0,0,1554,1554,0
sha1.c.obj,lib\libmbedtls.a,4516,0,0,0,4516,4516,0
sha512.c.obj,lib\libmbedtls.a,4888,640,0,0,5528,5528,0
ssl_ciphersuites.c.obj,lib\libmbedtls.a,242,10869,0,596,11111,11111,596
ssl_cli.c.obj,lib\libmbedtls.a,11494,5199,0,0,16693,16693,0
ssl_msg.c.obj,lib\libmbedtls.a,15090,7127,0,0,22217,22217,0
ssl_srv.c.obj,lib\libmbedtls.a,11166,4328,0,0,15494,15494,0
ssl_tls.c.obj,lib\libmbedtls.a,11800,2808,51,0,14608,14659,51
timing.c.obj,lib\libmbedtls.a,184,0,0,20,184,184,20
version.c.obj,lib\libmbedtls.a,6,0,0,0,6,6,0
x509.c.obj,lib\libmbedtls.a,2414,69,0,0,2483,2483,0
x509_crl.c.obj,lib\libmbedtls.a,122,0,0,0,122,122,0
x509_crt.c.obj,lib\libmbedtls.a,6770,2221,0,0,8991,8991,0
ml.c.obj,lib\libml.a,452,0,0,4,452,452,4
ml_cp936.c.obj,lib\libml.a,204,15920,24,0,16124,16148,24
ml_gsm.c.obj,lib\libml.a,184,300,24,0,484,508,24
ml_iso8859_1.c.obj,lib\libml.a,48,0,24,0,48,72,24
ml_utf16.c.obj,lib\libml.a,300,0,48,0,300,348,48
ml_utf8.c.obj,lib\libml.a,368,0,24,0,368,392,24
pb_common.c.obj,lib\libnanopb.a,202,0,0,0,202,202,0
pb_decode.c.obj,lib\libnanopb.a,2938,361,0,0,3299,3299,0
pb_encode.c.obj,lib\libnanopb.a,1824,178,0,0,2002,2002,0
pb_util.c.obj,lib\libnanopb.a,204,0,0,0,204,204,0
cfw_sockets_api.c.obj,lib\libnet.a,2080,148,0,384,2228,2228,384
lwipports.c.obj,lib\libnet.a,908,0,0,24,908,908,24
nd6_reply.c.obj,lib\libnet.a,752,244,50,200,996,1046,250
netdev_interface.c.obj,lib\libnet.a,588,69,40,0,657,697,40
netdev_interface_nat_lan.c.obj,lib\libnet.a,288,152,0,24,440,440,24
netif_gprs.c.obj,lib\libnet.a,1248,64,0,3864,1312,1312,3864
netif_nat_lan_lwip.c.obj,lib\libnet.a,1424,474,0,3864,1898,1898,3864
netif_nat_wan.c.obj,lib\libnet.a,1412,612,0,3864,2024,2024,3864
netmain.c.obj,lib\libnet.a,528,76,0,4,604,604,4
netutils.c.obj,lib\libnet.a,108,0,0,0,108,108,0
ppp6_reply.c.obj,lib\libnet.a,1148,262,0,0,1410,1410,0
ppp_interface.c.obj,lib\libnet.a,5090,980,0,8,6070,6070,8
nvm_8910.c.obj,lib\libnvm.a,1212,1062,0,0,2274,2274,0
nvm_migration.c.obj,lib\libnvm.a,288,249,0,0,537,537,0
ql_embed_nor_flash.c.obj,lib\liboql_core_drv.a,356,172,0,0,528,528,0
quec_customer_cfg.c.obj,lib\liboql_core_drv.a,0,357,53,0,357,410,53
quec_internal_cfg.c.obj,lib\liboql_core_drv.a,0,296,319,0,296,615,319
quec_pin_cfg_EC200U.c.obj,lib\liboql_core_drv.a,0,648,0,0,648,648,0
quec_pin_init.c.obj,lib\liboql_core_drv.a,264,38,0,0,302,302,0
quec_virt_func_bsp.c.obj,lib\liboql_core_virt_func.a,88,0,0,0,88,88,0
quec_virt_func_bt.c.obj,lib\liboql_core_virt_func.a,6,0,0,0,6,6,0
quec_virt_func_modem.c.obj,lib\liboql_core_virt_func.a,22,0,0,0,22,22,0
quec_virt_func_proto_stack.c.obj,lib\liboql_core_virt_func.a,242,0,0,0,242,242,0
osi_mem.c.obj,lib\libosi_core.a,2866,0,0,69,2866,2866,69
osi_timer.c.obj,lib\libosi_core.a,3630,7,0,56,3637,3637,56
osi_blocked_fifo.c.obj,lib\libosi_lib.a,1436,0,0,0,1436,1436,0
osi_event_hub.c.obj,lib\libosi_lib.a,708,112,0,0,820,820,0
osi_fifo.c.obj,lib\libosi_lib.a,278,0,0,0,278,278,0
osi_hdlc.c.obj,lib\libosi_lib.a,730,0,0,0,730,730,0
osi_line_cache.c.obj,lib\libosi_lib.a,200,0,0,0,200,200,0
osi_mem_record.c.obj,lib\libosi_lib.a,0,4,0,8196,4,4,8196
osi_mem_recycler.c.obj,lib\libosi_lib.a,128,0,0,0,128,128,0
osi_order_list.c.obj,lib\libosi_lib.a,528,0,0,0,528,528,0
osi_pipe.c.obj,lib\libosi_lib.a,926,0,0,0,926,926,0
osi_vsmap.c.obj,lib\libosi_lib.a,234,0,0,0,234,234,0
osi_work.c.obj,lib\libosi_lib.a,894,18,0,12,912,912,12
ql_atcmd_handler.c.obj,lib\libql_open_at.a,284,202,0,0,486,486,0
quec_spi_nor_flash_prop.c.obj,lib\libql_spi4_nor_prop.a,24,0,128,0,24,152,128
rpc_aud.c.obj,lib\librpc_core.a,1374,0,0,0,1374,1374,0
rpc_daemon.c.obj,lib\librpc_core.a,1100,359,0,4,1459,1459,4
rpc_dispatch_ap.c.obj,lib\librpc_core.a,136,20129,0,0,20265,20265,0
rpc_hello_ap.c.obj,lib\librpc_core.a,42,27,0,0,69,69,0
aes.c.obj,lib\libservice.a,2584,0,0,8748,2584,2584,8748
bignum.c.obj,lib\libservice.a,5090,0,0,0,5090,5090,0
rsa.c.obj,lib\libservice.a,720,80,0,0,800,800,0
sha1.c.obj,lib\libservice.a,4350,64,0,0,4414,4414,0
sha2.c.obj,lib\libservice.a,7630,64,0,0,7694,7694,0
simlock.c.obj,lib\libservice.a,1182,589,0,0,1771,1771,0
simlock_aescrypt.c.obj,lib\libservice.a,288,101,0,0,389,389,0
simlock_storage.c.obj,lib\libservice.a,420,361,0,0,781,781,0
srv_bt_trace.c.obj,lib\libservice.a,396,122,0,0,518,518,0
srv_fs_trace.c.obj,lib\libservice.a,2562,231,4,0,2793,2797,4
srv_keypad.c.obj,lib\libservice.a,676,81,0,4,757,757,4
srv_pm.c.obj,lib\libservice.a,1378,316,0,4,1694,1694,4
srv_pm_main.c.obj,lib\libservice.a,100,18,0,4,118,118,4
srv_rf_param.c.obj,lib\libservice.a,294,140,0,0,434,434,0
srv_sim_detect.c.obj,lib\libservice.a,560,63,0,40,623,623,40
srv_simlock.c.obj,lib\libservice.a,532,1015,0,4,1547,1547,4
srv_usb.c.obj,lib\libservice.a,96,20,0,0,116,116,0
srv_wdt.c.obj,lib\libservice.a,130,0,0,8,130,130,8
sffs.c.obj,lib\libsffs_core.a,10738,36,0,0,10774,10774,0
lib_a-environ.o,..\..\components\newlib\armca5\libc.a,0,0,4,4,0,4,8
vectors.S.obj,lib\libkernel.a,0,0,0,0,0,0,0
